,ds,y
0,2007-07-20,349
1,2007-07-21,503
2,2007-07-22,276
3,2007-07-23,308
4,2007-07-24,417
5,2007-07-25,315
6,2007-07-26,341
7,2007-07-27,479
8,2007-07-28,739
9,2007-07-29,322
10,2007-07-30,384
11,2007-07-31,425
12,2007-08-01,389
13,2007-08-02,366
14,2007-08-03,426
15,2007-08-04,521
16,2007-08-05,296
17,2007-08-06,353
18,2007-08-07,389
19,2007-08-08,383
20,2007-08-09,413
21,2007-08-10,434
22,2007-08-11,552
23,2007-08-12,234
24,2007-08-13,309
25,2007-08-14,268
26,2007-08-15,308
27,2007-08-16,395
28,2007-08-17,400
29,2007-08-18,494
30,2007-08-19,204
31,2007-08-20,338
32,2007-08-21,346
33,2007-08-22,439
34,2007-08-23,453
35,2007-08-24,502
36,2007-08-25,648
37,2007-08-26,284
38,2007-08-27,352
39,2007-08-28,365
40,2007-08-29,346
41,2007-08-30,474
42,2007-08-31,541
43,2007-09-01,743
44,2007-09-02,236
45,2007-09-03,392
46,2007-09-04,437
47,2007-09-05,373
48,2007-09-06,371
49,2007-09-07,423
50,2007-09-08,624
51,2007-09-09,258
52,2007-09-10,314
53,2007-09-11,355
54,2007-09-12,308
55,2007-09-13,296
56,2007-09-14,358
57,2007-09-15,643
58,2007-09-16,348
59,2007-09-17,282
60,2007-09-18,395
61,2007-09-19,304
62,2007-09-20,350
63,2007-09-21,338
64,2007-09-22,749
65,2007-09-23,307
66,2007-09-24,280
67,2007-09-25,392
68,2007-09-26,362
69,2007-09-27,375
70,2007-09-28,437
71,2007-09-29,923
72,2007-09-30,375
73,2007-10-01,382
74,2007-10-02,324
75,2007-10-03,338
76,2007-10-04,492
77,2007-10-05,534
78,2007-10-06,800
79,2007-10-07,370
80,2007-10-08,285
81,2007-10-09,314
82,2007-10-10,400
83,2007-10-11,382
84,2007-10-12,465
85,2007-10-13,674
86,2007-10-14,310
87,2007-10-15,295
88,2007-10-16,296
89,2007-10-17,389
90,2007-10-18,411
91,2007-10-19,506
92,2007-10-20,779
93,2007-10-21,357
94,2007-10-22,352
95,2007-10-23,522
96,2007-10-24,401
97,2007-10-25,449
98,2007-10-26,498
99,2007-10-27,741
100,2007-10-28,298
101,2007-10-29,343
102,2007-10-30,390
103,2007-10-31,337
104,2007-11-01,340
105,2007-11-02,433
106,2007-11-03,761
107,2007-11-04,330
108,2007-11-05,244
109,2007-11-06,353
110,2007-11-07,333
111,2007-11-08,366
112,2007-11-09,437
113,2007-11-10,767
114,2007-11-11,282
115,2007-11-12,327
116,2007-11-13,311
117,2007-11-14,340
118,2007-11-15,415
119,2007-11-16,426
120,2007-11-17,882
121,2007-11-18,234
122,2007-11-19,252
123,2007-11-20,268
124,2007-11-21,311
125,2007-11-22,344
126,2007-11-23,504
127,2007-11-24,634
128,2007-11-25,410
129,2007-11-26,333
130,2007-11-27,335
131,2007-11-28,321
132,2007-11-29,519
133,2007-11-30,493
134,2007-12-01,985
135,2007-12-02,317
136,2007-12-03,404
137,2007-12-04,372
138,2007-12-05,344
139,2007-12-06,412
140,2007-12-07,521
141,2007-12-08,670
142,2007-12-09,383
143,2007-12-10,442
144,2007-12-11,467
145,2007-12-12,383
146,2007-12-13,583
147,2007-12-14,454
148,2007-12-15,880
149,2007-12-16,428
150,2007-12-17,434
151,2007-12-18,459
152,2007-12-19,472
153,2007-12-20,626
154,2007-12-21,643
155,2007-12-22,695
156,2007-12-23,522
157,2007-12-24,396
158,2007-12-25,8
159,2007-12-26,347
160,2007-12-27,709
161,2007-12-28,638
162,2007-12-29,505
163,2007-12-30,404
164,2007-12-31,540
165,2008-01-01,70
166,2008-01-02,358
167,2008-01-03,286
168,2008-01-04,335
169,2008-01-05,540
170,2008-01-06,247
171,2008-01-07,299
172,2008-01-08,249
173,2008-01-09,286
174,2008-01-10,251
175,2008-01-11,278
176,2008-01-12,550
177,2008-01-13,193
178,2008-01-14,215
179,2008-01-15,224
180,2008-01-16,259
181,2008-01-17,254
182,2008-01-18,300
183,2008-01-19,672
184,2008-01-20,217
185,2008-01-21,199
186,2008-01-22,271
187,2008-01-23,247
188,2008-01-24,315
189,2008-01-25,395
190,2008-01-26,624
191,2008-01-27,262
192,2008-01-28,293
193,2008-01-29,253
194,2008-01-30,347
195,2008-01-31,226
196,2008-02-01,224
197,2008-02-02,461
198,2008-02-03,196
199,2008-02-04,235
200,2008-02-05,288
201,2008-02-06,336
202,2008-02-07,364
203,2008-02-08,369
204,2008-02-09,700
205,2008-02-10,315
206,2008-02-11,406
207,2008-02-12,482
208,2008-02-13,522
209,2008-02-14,386
210,2008-02-15,390
211,2008-02-16,629
212,2008-02-17,287
213,2008-02-18,337
214,2008-02-19,207
215,2008-02-20,270
216,2008-02-21,252
217,2008-02-22,269
218,2008-02-23,606
219,2008-02-24,204
220,2008-02-25,207
221,2008-02-26,269
222,2008-02-27,267
223,2008-02-28,285
224,2008-02-29,269
225,2008-03-01,633
226,2008-03-02,203
227,2008-03-03,223
228,2008-03-04,288
229,2008-03-05,249
230,2008-03-06,268
231,2008-03-07,343
232,2008-03-08,526
233,2008-03-09,283
234,2008-03-10,203
235,2008-03-11,223
236,2008-03-12,203
237,2008-03-13,272
238,2008-03-14,342
239,2008-03-15,459
240,2008-03-16,188
241,2008-03-17,246
242,2008-03-18,251
243,2008-03-19,281
244,2008-03-20,310
245,2008-03-21,371
246,2008-03-22,451
247,2008-03-23,93
248,2008-03-24,262
249,2008-03-25,322
250,2008-03-26,265
251,2008-03-27,326
252,2008-03-28,327
253,2008-03-29,416
254,2008-03-30,272
255,2008-03-31,366
256,2008-04-01,342
257,2008-04-02,300
258,2008-04-03,350
259,2008-04-04,362
260,2008-04-05,515
261,2008-04-06,199
262,2008-04-07,239
263,2008-04-08,278
264,2008-04-09,255
265,2008-04-10,246
266,2008-04-11,262
267,2008-04-12,680
268,2008-04-13,179
269,2008-04-14,225
270,2008-04-15,223
271,2008-04-16,249
272,2008-04-17,296
273,2008-04-18,276
274,2008-04-19,513
275,2008-04-20,160
276,2008-04-21,218
277,2008-04-22,293
278,2008-04-23,240
279,2008-04-24,342
280,2008-04-25,311
281,2008-04-26,619
282,2008-04-27,195
283,2008-04-28,205
284,2008-04-29,267
285,2008-04-30,270
286,2008-05-01,307
287,2008-05-02,366
288,2008-05-03,731
289,2008-05-04,236
290,2008-05-05,279
291,2008-05-06,299
292,2008-05-07,297
293,2008-05-08,306
294,2008-05-09,277
295,2008-05-10,530
296,2008-05-11,231
297,2008-05-12,272
298,2008-05-13,279
299,2008-05-14,224
300,2008-05-15,264
301,2008-05-16,272
302,2008-05-17,403
303,2008-05-18,189
304,2008-05-19,203
305,2008-05-20,245
306,2008-05-21,241
307,2008-05-22,309
308,2008-05-23,326
309,2008-05-24,595
310,2008-05-25,277
311,2008-05-26,293
312,2008-05-27,256
313,2008-05-28,276
314,2008-05-29,375
315,2008-05-30,368
316,2008-05-31,503
317,2008-06-01,153
318,2008-06-02,220
319,2008-06-03,280
320,2008-06-04,267
321,2008-06-05,281
322,2008-06-06,315
323,2008-06-07,510
324,2008-06-08,239
325,2008-06-09,267
326,2008-06-10,294
327,2008-06-11,224
328,2008-06-12,260
329,2008-06-13,259
330,2008-06-14,472
331,2008-06-15,187
332,2008-06-16,212
333,2008-06-17,217
334,2008-06-18,195
335,2008-06-19,286
336,2008-06-20,372
337,2008-06-21,411
338,2008-06-22,200
339,2008-06-23,257
340,2008-06-24,290
341,2008-06-25,240
342,2008-06-26,227
343,2008-06-27,306
344,2008-06-28,541
345,2008-06-29,218
346,2008-06-30,260
347,2008-07-01,304
348,2008-07-02,230
349,2008-07-03,279
350,2008-07-04,337
351,2008-07-05,408
352,2008-07-06,181
353,2008-07-07,185
354,2008-07-08,260
355,2008-07-09,223
356,2008-07-10,279
357,2008-07-11,216
358,2008-07-12,494
359,2008-07-13,262
360,2008-07-14,224
361,2008-07-15,232
362,2008-07-16,249
363,2008-07-17,230
364,2008-07-18,286
365,2008-07-19,580
366,2008-07-20,262
367,2008-07-21,316
368,2008-07-22,286
369,2008-07-23,262
370,2008-07-24,287
371,2008-07-25,365
372,2008-07-26,480
373,2008-07-27,218
374,2008-07-28,247
375,2008-07-29,313
376,2008-07-30,253
377,2008-07-31,192
378,2008-08-01,311
379,2008-08-02,502
380,2008-08-03,236
381,2008-08-04,254
382,2008-08-05,216
383,2008-08-06,239
384,2008-08-07,277
385,2008-08-08,297
386,2008-08-09,312
387,2008-08-10,204
388,2008-08-11,228
389,2008-08-12,208
390,2008-08-13,281
391,2008-08-14,249
392,2008-08-15,365
393,2008-08-16,417
394,2008-08-17,188
395,2008-08-18,217
396,2008-08-19,312
397,2008-08-20,254
398,2008-08-21,278
399,2008-08-22,303
400,2008-08-23,470
401,2008-08-24,264
402,2008-08-25,258
403,2008-08-26,281
404,2008-08-27,278
405,2008-08-28,280
406,2008-08-29,341
407,2008-08-30,448
408,2008-08-31,184
409,2008-09-01,324
410,2008-09-02,268
411,2008-09-03,201
412,2008-09-04,219
413,2008-09-05,227
414,2008-09-06,568
415,2008-09-07,261
416,2008-09-08,222
417,2008-09-09,174
418,2008-09-10,231
419,2008-09-11,275
420,2008-09-12,269
421,2008-09-13,645
422,2008-09-14,212
423,2008-09-15,207
424,2008-09-16,214
425,2008-09-17,241
426,2008-09-18,306
427,2008-09-19,292
428,2008-09-20,672
429,2008-09-21,334
430,2008-09-22,228
431,2008-09-23,308
432,2008-09-24,325
433,2008-09-25,308
434,2008-09-26,381
435,2008-09-27,759
436,2008-09-28,340
437,2008-09-29,249
438,2008-09-30,208
439,2008-10-01,218
440,2008-10-02,348
441,2008-10-03,357
442,2008-10-04,572
443,2008-10-05,372
444,2008-10-06,291
445,2008-10-07,266
446,2008-10-08,343
447,2008-10-09,382
448,2008-10-10,416
449,2008-10-11,682
450,2008-10-12,345
451,2008-10-13,256
452,2008-10-14,196
453,2008-10-15,250
454,2008-10-16,318
455,2008-10-17,325
456,2008-10-18,653
457,2008-10-19,228
458,2008-10-20,254
459,2008-10-21,315
460,2008-10-22,330
461,2008-10-23,262
462,2008-10-24,454
463,2008-10-25,520
464,2008-10-26,277
465,2008-10-27,416
466,2008-10-28,359
467,2008-10-29,388
468,2008-10-30,343
469,2008-10-31,498
470,2008-11-01,597
471,2008-11-02,163
472,2008-11-03,240
473,2008-11-04,215
474,2008-11-05,224
475,2008-11-06,242
476,2008-11-07,335
477,2008-11-08,593
478,2008-11-09,165
479,2008-11-10,211
480,2008-11-11,197
481,2008-11-12,332
482,2008-11-13,227
483,2008-11-14,316
484,2008-11-15,683
485,2008-11-16,312
486,2008-11-17,203
487,2008-11-18,330
488,2008-11-19,248
489,2008-11-20,373
490,2008-11-21,323
491,2008-11-22,743
492,2008-11-23,321
493,2008-11-24,200
494,2008-11-25,285
495,2008-11-26,247
496,2008-11-27,291
497,2008-11-28,455
498,2008-11-29,823
499,2008-11-30,376
500,2008-12-01,241
501,2008-12-02,219
502,2008-12-03,363
503,2008-12-04,287
504,2008-12-05,351
505,2008-12-06,824
506,2008-12-07,423
507,2008-12-08,239
508,2008-12-09,382
509,2008-12-10,386
510,2008-12-11,483
511,2008-12-12,370
512,2008-12-13,529
513,2008-12-14,335
514,2008-12-15,370
515,2008-12-16,365
516,2008-12-17,421
517,2008-12-18,433
518,2008-12-19,375
519,2008-12-20,616
520,2008-12-21,258
521,2008-12-22,601
522,2008-12-23,530
523,2008-12-24,358
524,2008-12-25,8
525,2008-12-26,366
526,2008-12-27,821
527,2008-12-28,285
528,2008-12-29,585
529,2008-12-30,483
530,2008-12-31,359
531,2009-01-01,56
532,2009-01-02,371
533,2009-01-03,353
534,2009-01-04,150
535,2009-01-05,205
536,2009-01-06,322
537,2009-01-07,176
538,2009-01-08,204
539,2009-01-09,217
540,2009-01-10,388
541,2009-01-11,147
542,2009-01-12,144
543,2009-01-13,190
544,2009-01-14,218
545,2009-01-15,180
546,2009-01-16,252
547,2009-01-17,474
548,2009-01-18,224
549,2009-01-19,139
550,2009-01-20,324
551,2009-01-21,329
552,2009-01-22,258
553,2009-01-23,340
554,2009-01-24,435
555,2009-01-25,180
556,2009-01-26,208
557,2009-01-27,213
558,2009-01-28,284
559,2009-01-29,205
560,2009-01-30,259
561,2009-01-31,564
562,2009-02-01,157
563,2009-02-02,100
564,2009-02-03,212
565,2009-02-04,213
566,2009-02-05,152
567,2009-02-06,283
568,2009-02-07,538
569,2009-02-08,167
570,2009-02-09,241
571,2009-02-10,287
572,2009-02-11,218
573,2009-02-12,202
574,2009-02-13,434
575,2009-02-14,420
576,2009-02-15,203
577,2009-02-16,266
578,2009-02-17,271
579,2009-02-18,226
580,2009-02-19,289
581,2009-02-20,308
582,2009-02-21,480
583,2009-02-22,249
584,2009-02-23,192
585,2009-02-24,231
586,2009-02-25,196
587,2009-02-26,213
588,2009-02-27,286
589,2009-02-28,512
590,2009-03-01,195
591,2009-03-02,177
592,2009-03-03,153
593,2009-03-04,229
594,2009-03-05,275
595,2009-03-06,332
596,2009-03-07,450
597,2009-03-08,136
598,2009-03-09,200
599,2009-03-10,237
600,2009-03-11,219
601,2009-03-12,225
602,2009-03-13,309
603,2009-03-14,371
604,2009-03-15,194
605,2009-03-16,219
606,2009-03-17,232
607,2009-03-18,314
608,2009-03-19,204
609,2009-03-20,359
610,2009-03-21,608
611,2009-03-22,131
612,2009-03-23,190
613,2009-03-24,208
614,2009-03-25,230
615,2009-03-26,248
616,2009-03-27,235
617,2009-03-28,372
618,2009-03-29,292
619,2009-03-30,178
620,2009-03-31,252
621,2009-04-01,246
622,2009-04-02,327
623,2009-04-03,356
624,2009-04-04,468
625,2009-04-05,241
626,2009-04-06,251
627,2009-04-07,307
628,2009-04-08,271
629,2009-04-09,273
630,2009-04-10,261
631,2009-04-11,385
632,2009-04-12,92
633,2009-04-13,233
634,2009-04-14,266
635,2009-04-15,246
636,2009-04-16,261
637,2009-04-17,347
638,2009-04-18,428
639,2009-04-19,225
640,2009-04-20,291
641,2009-04-21,275
642,2009-04-22,234
643,2009-04-23,287
644,2009-04-24,331
645,2009-04-25,547
646,2009-04-26,226
647,2009-04-27,208
648,2009-04-28,232
649,2009-04-29,250
650,2009-04-30,264
651,2009-05-01,373
652,2009-05-02,603
653,2009-05-03,251
654,2009-05-04,194
655,2009-05-05,248
656,2009-05-06,213
657,2009-05-07,290
658,2009-05-08,280
659,2009-05-09,516
660,2009-05-10,174
661,2009-05-11,281
662,2009-05-12,262
663,2009-05-13,187
664,2009-05-14,215
665,2009-05-15,194
666,2009-05-16,412
667,2009-05-17,148
668,2009-05-18,186
669,2009-05-19,187
670,2009-05-20,257
671,2009-05-21,269
672,2009-05-22,307
673,2009-05-23,436
674,2009-05-24,281
675,2009-05-25,221
676,2009-05-26,329
677,2009-05-27,232
678,2009-05-28,348
679,2009-05-29,427
680,2009-05-30,470
681,2009-05-31,196
682,2009-06-01,246
683,2009-06-02,257
684,2009-06-03,250
685,2009-06-04,239
686,2009-06-05,260
687,2009-06-06,344
688,2009-06-07,175
689,2009-06-08,205
690,2009-06-09,212
691,2009-06-10,188
692,2009-06-11,248
693,2009-06-12,312
694,2009-06-13,517
695,2009-06-14,194
696,2009-06-15,173
697,2009-06-16,220
698,2009-06-17,173
699,2009-06-18,244
700,2009-06-19,278
701,2009-06-20,503
702,2009-06-21,192
703,2009-06-22,198
704,2009-06-23,218
705,2009-06-24,260
706,2009-06-25,273
707,2009-06-26,273
708,2009-06-27,489
709,2009-06-28,227
710,2009-06-29,219
711,2009-06-30,212
712,2009-07-01,240
713,2009-07-02,258
714,2009-07-03,217
715,2009-07-04,462
716,2009-07-05,228
717,2009-07-06,184
718,2009-07-07,180
719,2009-07-08,211
720,2009-07-09,222
721,2009-07-10,255
722,2009-07-11,383
723,2009-07-12,185
724,2009-07-13,202
725,2009-07-14,214
726,2009-07-15,221
727,2009-07-16,259
728,2009-07-17,198
729,2009-07-18,409
730,2009-07-19,167
731,2009-07-20,247
732,2009-07-21,205
733,2009-07-22,249
734,2009-07-23,258
735,2009-07-24,270
736,2009-07-25,431
737,2009-07-26,157
738,2009-07-27,256
739,2009-07-28,226
740,2009-07-29,199
741,2009-07-30,243
742,2009-07-31,274
743,2009-08-01,323
744,2009-08-02,275
745,2009-08-03,263
746,2009-08-04,209
747,2009-08-05,221
748,2009-08-06,287
749,2009-08-07,324
750,2009-08-08,460
751,2009-08-09,187
752,2009-08-10,205
753,2009-08-11,311
754,2009-08-12,287
755,2009-08-13,238
756,2009-08-14,276
757,2009-08-15,385
758,2009-08-16,174
759,2009-08-17,235
760,2009-08-18,259
761,2009-08-19,258
762,2009-08-20,236
763,2009-08-21,266
764,2009-08-22,450
765,2009-08-23,161
766,2009-08-24,206
767,2009-08-25,297
768,2009-08-26,221
769,2009-08-27,289
770,2009-08-28,303
771,2009-08-29,431
772,2009-08-30,181
773,2009-08-31,238
774,2009-09-01,258
775,2009-09-02,230
776,2009-09-03,190
777,2009-09-04,243
778,2009-09-05,350
779,2009-09-06,165
780,2009-09-07,238
781,2009-09-08,210
782,2009-09-09,244
783,2009-09-10,285
784,2009-09-11,321
785,2009-09-12,545
786,2009-09-13,174
787,2009-09-14,183
788,2009-09-15,190
789,2009-09-16,192
790,2009-09-17,221
791,2009-09-18,254
792,2009-09-19,454
793,2009-09-20,292
794,2009-09-21,206
795,2009-09-22,232
796,2009-09-23,229
797,2009-09-24,303
798,2009-09-25,299
799,2009-09-26,711
800,2009-09-27,210
801,2009-09-28,256
802,2009-09-29,233
803,2009-09-30,283
804,2009-10-01,329
805,2009-10-02,280
806,2009-10-03,627
807,2009-10-04,293
808,2009-10-05,222
809,2009-10-06,226
810,2009-10-07,330
811,2009-10-08,332
812,2009-10-09,274
813,2009-10-10,689
814,2009-10-11,294
815,2009-10-12,203
816,2009-10-13,256
817,2009-10-14,203
818,2009-10-15,223
819,2009-10-16,336
820,2009-10-17,549
821,2009-10-18,204
822,2009-10-19,204
823,2009-10-20,184
824,2009-10-21,207
825,2009-10-22,237
826,2009-10-23,313
827,2009-10-24,473
828,2009-10-25,237
829,2009-10-26,287
830,2009-10-27,280
831,2009-10-28,361
832,2009-10-29,414
833,2009-10-30,376
834,2009-10-31,419
835,2009-11-01,160
836,2009-11-02,242
837,2009-11-03,281
838,2009-11-04,199
839,2009-11-05,218
840,2009-11-06,240
841,2009-11-07,650
842,2009-11-08,205
843,2009-11-09,253
844,2009-11-10,195
845,2009-11-11,289
846,2009-11-12,246
847,2009-11-13,271
848,2009-11-14,453
849,2009-11-15,336
850,2009-11-16,193
851,2009-11-17,253
852,2009-11-18,187
853,2009-11-19,283
854,2009-11-20,310
855,2009-11-21,458
856,2009-11-22,227
857,2009-11-23,183
858,2009-11-24,206
859,2009-11-25,240
860,2009-11-26,309
861,2009-11-27,366
862,2009-11-28,655
863,2009-11-29,197
864,2009-11-30,302
865,2009-12-01,277
866,2009-12-02,220
867,2009-12-03,289
868,2009-12-04,471
869,2009-12-05,638
870,2009-12-06,384
871,2009-12-07,234
872,2009-12-08,250
873,2009-12-09,283
874,2009-12-10,460
875,2009-12-11,338
876,2009-12-12,641
877,2009-12-13,302
878,2009-12-14,243
879,2009-12-15,230
880,2009-12-16,253
881,2009-12-17,329
882,2009-12-18,331
883,2009-12-19,567
884,2009-12-20,231
885,2009-12-21,418
886,2009-12-22,317
887,2009-12-23,444
888,2009-12-24,225
889,2009-12-25,8
890,2009-12-26,400
891,2009-12-27,294
892,2009-12-28,562
893,2009-12-29,450
894,2009-12-30,348
895,2009-12-31,372
896,2010-01-01,74
897,2010-01-02,308
898,2010-01-03,126
899,2010-01-04,273
900,2010-01-05,97
901,2010-01-06,104
902,2010-01-07,170
903,2010-01-08,220
904,2010-01-09,245
905,2010-01-10,120
906,2010-01-11,122
907,2010-01-12,143
908,2010-01-13,140
909,2010-01-14,163
910,2010-01-15,208
911,2010-01-16,332
912,2010-01-17,179
913,2010-01-18,164
914,2010-01-19,170
915,2010-01-20,187
916,2010-01-21,246
917,2010-01-22,216
918,2010-01-23,433
919,2010-01-24,159
920,2010-01-25,173
921,2010-01-26,214
922,2010-01-27,186
923,2010-01-28,207
924,2010-01-29,306
925,2010-01-30,688
926,2010-01-31,310
927,2010-02-01,218
928,2010-02-02,152
929,2010-02-03,182
930,2010-02-04,162
931,2010-02-05,218
932,2010-02-06,371
933,2010-02-07,155
934,2010-02-08,158
935,2010-02-09,224
936,2010-02-10,217
937,2010-02-11,313
938,2010-02-12,251
939,2010-02-13,403
940,2010-02-14,189
941,2010-02-15,207
942,2010-02-16,285
943,2010-02-17,254
944,2010-02-18,233
945,2010-02-19,358
946,2010-02-20,518
947,2010-02-21,114
948,2010-02-22,209
949,2010-02-23,178
950,2010-02-24,164
951,2010-02-25,169
952,2010-02-26,234
953,2010-02-27,416
954,2010-02-28,186
955,2010-03-01,182
956,2010-03-02,313
957,2010-03-03,232
958,2010-03-04,296
959,2010-03-05,309
960,2010-03-06,408
961,2010-03-07,294
962,2010-03-08,267
963,2010-03-09,175
964,2010-03-10,272
965,2010-03-11,288
966,2010-03-12,226
967,2010-03-13,640
968,2010-03-14,185
969,2010-03-15,158
970,2010-03-16,209
971,2010-03-17,216
972,2010-03-18,198
973,2010-03-19,288
974,2010-03-20,335
975,2010-03-21,247
976,2010-03-22,154
977,2010-03-23,212
978,2010-03-24,197
979,2010-03-25,308
980,2010-03-26,291
981,2010-03-27,518
982,2010-03-28,236
983,2010-03-29,156
984,2010-03-30,168
985,2010-03-31,195
986,2010-04-01,308
987,2010-04-02,319
988,2010-04-03,451
989,2010-04-04,117
990,2010-04-05,206
991,2010-04-06,255
992,2010-04-07,225
993,2010-04-08,353
994,2010-04-09,347
995,2010-04-10,491
996,2010-04-11,220
997,2010-04-12,286
998,2010-04-13,214
999,2010-04-14,257
1000,2010-04-15,246
1001,2010-04-16,383
1002,2010-04-17,530
1003,2010-04-18,161
1004,2010-04-19,174
1005,2010-04-20,254
1006,2010-04-21,283
1007,2010-04-22,274
1008,2010-04-23,273
1009,2010-04-24,616
1010,2010-04-25,189
1011,2010-04-26,206
1012,2010-04-27,232
1013,2010-04-28,251
1014,2010-04-29,218
1015,2010-04-30,326
1016,2010-05-01,510
1017,2010-05-02,223
1018,2010-05-03,239
1019,2010-05-04,201
1020,2010-05-05,195
1021,2010-05-06,189
1022,2010-05-07,269
1023,2010-05-08,457
1024,2010-05-09,184
1025,2010-05-10,161
1026,2010-05-11,184
1027,2010-05-12,192
1028,2010-05-13,213
1029,2010-05-14,234
1030,2010-05-15,535
1031,2010-05-16,226
1032,2010-05-17,186
1033,2010-05-18,183
1034,2010-05-19,203
1035,2010-05-20,253
1036,2010-05-21,288
1037,2010-05-22,480
1038,2010-05-23,185
1039,2010-05-24,197
1040,2010-05-25,182
1041,2010-05-26,187
1042,2010-05-27,257
1043,2010-05-28,364
1044,2010-05-29,360
1045,2010-05-30,264
1046,2010-05-31,283
1047,2010-06-01,225
1048,2010-06-02,345
1049,2010-06-03,352
1050,2010-06-04,349
1051,2010-06-05,417
1052,2010-06-06,136
1053,2010-06-07,182
1054,2010-06-08,173
1055,2010-06-09,160
1056,2010-06-10,198
1057,2010-06-11,259
1058,2010-06-12,382
1059,2010-06-13,153
1060,2010-06-14,161
1061,2010-06-15,214
1062,2010-06-16,250
1063,2010-06-17,257
1064,2010-06-18,236
1065,2010-06-19,380
1066,2010-06-20,202
1067,2010-06-21,221
1068,2010-06-22,223
1069,2010-06-23,216
1070,2010-06-24,253
1071,2010-06-25,265
1072,2010-06-26,460
1073,2010-06-27,186
1074,2010-06-28,231
1075,2010-06-29,222
1076,2010-06-30,276
1077,2010-07-01,221
1078,2010-07-02,289
1079,2010-07-03,470
1080,2010-07-04,196
1081,2010-07-05,208
1082,2010-07-06,218
1083,2010-07-07,194
1084,2010-07-08,270
1085,2010-07-09,277
1086,2010-07-10,375
1087,2010-07-11,213
1088,2010-07-12,172
1089,2010-07-13,205
1090,2010-07-14,202
1091,2010-07-15,211
1092,2010-07-16,277
1093,2010-07-17,440
1094,2010-07-18,214
1095,2010-07-19,247
1096,2010-07-20,192
1097,2010-07-21,227
1098,2010-07-22,231
1099,2010-07-23,342
1100,2010-07-24,411
1101,2010-07-25,174
1102,2010-07-26,189
1103,2010-07-27,219
1104,2010-07-28,213
1105,2010-07-29,271
1106,2010-07-30,250
1107,2010-07-31,378
1108,2010-08-01,200
1109,2010-08-02,220
1110,2010-08-03,230
1111,2010-08-04,220
1112,2010-08-05,248
1113,2010-08-06,247
1114,2010-08-07,395
1115,2010-08-08,182
1116,2010-08-09,195
1117,2010-08-10,246
1118,2010-08-11,233
1119,2010-08-12,241
1120,2010-08-13,217
1121,2010-08-14,447
1122,2010-08-15,205
1123,2010-08-16,288
1124,2010-08-17,225
1125,2010-08-18,262
1126,2010-08-19,292
1127,2010-08-20,263
1128,2010-08-21,394
1129,2010-08-22,215
1130,2010-08-23,181
1131,2010-08-24,236
1132,2010-08-25,274
1133,2010-08-26,250
1134,2010-08-27,348
1135,2010-08-28,418
1136,2010-08-29,248
1137,2010-08-30,234
1138,2010-08-31,357
1139,2010-09-01,324
1140,2010-09-02,316
1141,2010-09-03,320
1142,2010-09-04,399
1143,2010-09-05,208
1144,2010-09-06,200
1145,2010-09-07,247
1146,2010-09-08,243
1147,2010-09-09,260
1148,2010-09-10,242
1149,2010-09-11,409
1150,2010-09-12,216
1151,2010-09-13,180
1152,2010-09-14,252
1153,2010-09-15,174
1154,2010-09-16,282
1155,2010-09-17,268
1156,2010-09-18,411
1157,2010-09-19,178
1158,2010-09-20,209
1159,2010-09-21,261
1160,2010-09-22,334
1161,2010-09-23,264
1162,2010-09-24,304
1163,2010-09-25,577
1164,2010-09-26,259
1165,2010-09-27,204
1166,2010-09-28,230
1167,2010-09-29,212
1168,2010-09-30,363
1169,2010-10-01,253
1170,2010-10-02,649
1171,2010-10-03,175
1172,2010-10-04,309
1173,2010-10-05,311
1174,2010-10-06,306
1175,2010-10-07,380
1176,2010-10-08,300
1177,2010-10-09,520
1178,2010-10-10,380
1179,2010-10-11,250
1180,2010-10-12,321
1181,2010-10-13,391
1182,2010-10-14,239
1183,2010-10-15,279
1184,2010-10-16,470
1185,2010-10-17,257
1186,2010-10-18,182
1187,2010-10-19,204
1188,2010-10-20,352
1189,2010-10-21,264
1190,2010-10-22,370
1191,2010-10-23,461
1192,2010-10-24,306
1193,2010-10-25,457
1194,2010-10-26,241
1195,2010-10-27,483
1196,2010-10-28,344
1197,2010-10-29,388
1198,2010-10-30,605
1199,2010-10-31,224
1200,2010-11-01,222
1201,2010-11-02,174
1202,2010-11-03,186
1203,2010-11-04,162
1204,2010-11-05,259
1205,2010-11-06,698
1206,2010-11-07,277
1207,2010-11-08,151
1208,2010-11-09,169
1209,2010-11-10,356
1210,2010-11-11,218
1211,2010-11-12,199
1212,2010-11-13,597
1213,2010-11-14,220
1214,2010-11-15,334
1215,2010-11-16,323
1216,2010-11-17,200
1217,2010-11-18,261
1218,2010-11-19,257
1219,2010-11-20,567
1220,2010-11-21,285
1221,2010-11-22,173
1222,2010-11-23,242
1223,2010-11-24,262
1224,2010-11-25,292
1225,2010-11-26,456
1226,2010-11-27,618
1227,2010-11-28,348
1228,2010-11-29,204
1229,2010-11-30,175
1230,2010-12-01,128
1231,2010-12-02,161
1232,2010-12-03,298
1233,2010-12-04,490
1234,2010-12-05,294
1235,2010-12-06,339
1236,2010-12-07,212
1237,2010-12-08,360
1238,2010-12-09,345
1239,2010-12-10,294
1240,2010-12-11,602
1241,2010-12-12,281
1242,2010-12-13,269
1243,2010-12-14,205
1244,2010-12-15,256
1245,2010-12-16,302
1246,2010-12-17,490
1247,2010-12-18,404
1248,2010-12-19,254
1249,2010-12-20,451
1250,2010-12-21,407
1251,2010-12-22,400
1252,2010-12-23,388
1253,2010-12-24,367
1254,2010-12-25,7
1255,2010-12-26,292
1256,2010-12-27,440
1257,2010-12-28,396
1258,2010-12-29,383
1259,2010-12-30,389
1260,2010-12-31,343
1261,2011-01-01,95
1262,2011-01-02,192
1263,2011-01-03,304
1264,2011-01-04,185
1265,2011-01-05,153
1266,2011-01-06,165
1267,2011-01-07,137
1268,2011-01-08,376
1269,2011-01-09,170
1270,2011-01-10,153
1271,2011-01-11,186
1272,2011-01-12,169
1273,2011-01-13,244
1274,2011-01-14,276
1275,2011-01-15,320
1276,2011-01-16,148
1277,2011-01-17,227
1278,2011-01-18,270
1279,2011-01-19,353
1280,2011-01-20,362
1281,2011-01-21,252
1282,2011-01-22,396
1283,2011-01-23,188
1284,2011-01-24,259
1285,2011-01-25,174
1286,2011-01-26,183
1287,2011-01-27,221
1288,2011-01-28,250
1289,2011-01-29,625
1290,2011-01-30,197
1291,2011-01-31,165
1292,2011-02-01,253
1293,2011-02-02,185
1294,2011-02-03,284
1295,2011-02-04,171
1296,2011-02-05,314
1297,2011-02-06,183
1298,2011-02-07,169
1299,2011-02-08,272
1300,2011-02-09,211
1301,2011-02-10,281
1302,2011-02-11,230
1303,2011-02-12,571
1304,2011-02-13,170
1305,2011-02-14,201
1306,2011-02-15,233
1307,2011-02-16,245
1308,2011-02-17,187
1309,2011-02-18,240
1310,2011-02-19,281
1311,2011-02-20,171
1312,2011-02-21,184
1313,2011-02-22,226
1314,2011-02-23,240
1315,2011-02-24,403
1316,2011-02-25,351
1317,2011-02-26,398
1318,2011-02-27,181
1319,2011-02-28,183
1320,2011-03-01,297
1321,2011-03-02,195
1322,2011-03-03,216
1323,2011-03-04,292
1324,2011-03-05,411
1325,2011-03-06,259
1326,2011-03-07,233
1327,2011-03-08,267
1328,2011-03-09,177
1329,2011-03-10,234
1330,2011-03-11,235
1331,2011-03-12,406
1332,2011-03-13,220
1333,2011-03-14,234
1334,2011-03-15,168
1335,2011-03-16,173
1336,2011-03-17,228
1337,2011-03-18,339
1338,2011-03-19,421
1339,2011-03-20,174
1340,2011-03-21,210
1341,2011-03-22,309
1342,2011-03-23,289
1343,2011-03-24,230
1344,2011-03-25,323
1345,2011-03-26,486
1346,2011-03-27,248
1347,2011-03-28,198
1348,2011-03-29,183
1349,2011-03-30,183
1350,2011-03-31,253
1351,2011-04-01,357
1352,2011-04-02,577
1353,2011-04-03,198
1354,2011-04-04,167
1355,2011-04-05,189
1356,2011-04-06,316
1357,2011-04-07,287
1358,2011-04-08,349
1359,2011-04-09,529
1360,2011-04-10,247
1361,2011-04-11,176
1362,2011-04-12,335
1363,2011-04-13,202
1364,2011-04-14,220
1365,2011-04-15,267
1366,2011-04-16,424
1367,2011-04-17,245
1368,2011-04-18,269
1369,2011-04-19,309
1370,2011-04-20,309
1371,2011-04-21,336
1372,2011-04-22,387
1373,2011-04-23,359
1374,2011-04-24,105
1375,2011-04-25,244
1376,2011-04-26,168
1377,2011-04-27,281
1378,2011-04-28,364
1379,2011-04-29,207
1380,2011-04-30,564
1381,2011-05-01,265
1382,2011-05-02,271
1383,2011-05-03,183
1384,2011-05-04,228
1385,2011-05-05,198
1386,2011-05-06,235
1387,2011-05-07,345
1388,2011-05-08,193
1389,2011-05-09,181
1390,2011-05-10,167
1391,2011-05-11,206
1392,2011-05-12,200
1393,2011-05-13,200
1394,2011-05-14,422
1395,2011-05-15,146
1396,2011-05-16,159
1397,2011-05-17,176
1398,2011-05-18,195
1399,2011-05-19,218
1400,2011-05-20,223
1401,2011-05-21,442
1402,2011-05-22,188
1403,2011-05-23,144
1404,2011-05-24,209
1405,2011-05-25,194
1406,2011-05-26,230
1407,2011-05-27,340
1408,2011-05-28,497
1409,2011-05-29,229
1410,2011-05-30,190
1411,2011-05-31,313
1412,2011-06-01,296
1413,2011-06-02,314
1414,2011-06-03,360
1415,2011-06-04,390
1416,2011-06-05,191
1417,2011-06-06,202
1418,2011-06-07,185
1419,2011-06-08,197
1420,2011-06-09,240
1421,2011-06-10,204
1422,2011-06-11,450
1423,2011-06-12,144
1424,2011-06-13,183
1425,2011-06-14,238
1426,2011-06-15,198
1427,2011-06-16,216
1428,2011-06-17,245
1429,2011-06-18,439
1430,2011-06-19,170
1431,2011-06-20,196
1432,2011-06-21,192
1433,2011-06-22,212
1434,2011-06-23,195
1435,2011-06-24,294
1436,2011-06-25,478
1437,2011-06-26,216
1438,2011-06-27,205
1439,2011-06-28,209
1440,2011-06-29,187
1441,2011-06-30,289
1442,2011-07-01,276
1443,2011-07-02,408
1444,2011-07-03,246
1445,2011-07-04,220
1446,2011-07-05,197
1447,2011-07-06,218
1448,2011-07-07,211
1449,2011-07-08,221
1450,2011-07-09,475
1451,2011-07-10,205
1452,2011-07-11,221
1453,2011-07-12,199
1454,2011-07-13,206
1455,2011-07-14,231
1456,2011-07-15,264
1457,2011-07-16,454
1458,2011-07-17,222
1459,2011-07-18,175
1460,2011-07-19,222
1461,2011-07-20,264
1462,2011-07-21,224
1463,2011-07-22,253
1464,2011-07-23,406
1465,2011-07-24,204
1466,2011-07-25,205
1467,2011-07-26,226
1468,2011-07-27,229
1469,2011-07-28,252
1470,2011-07-29,286
1471,2011-07-30,445
1472,2011-07-31,211
1473,2011-08-01,206
1474,2011-08-02,247
1475,2011-08-03,219
1476,2011-08-04,202
1477,2011-08-05,297
1478,2011-08-06,316
1479,2011-08-07,259
1480,2011-08-08,245
1481,2011-08-09,255
1482,2011-08-10,358
1483,2011-08-11,200
1484,2011-08-12,236
1485,2011-08-13,335
1486,2011-08-14,162
1487,2011-08-15,218
1488,2011-08-16,224
1489,2011-08-17,259
1490,2011-08-18,259
1491,2011-08-19,284
1492,2011-08-20,359
1493,2011-08-21,207
1494,2011-08-22,274
1495,2011-08-23,222
1496,2011-08-24,252
1497,2011-08-25,292
1498,2011-08-26,243
1499,2011-08-27,428
1500,2011-08-28,239
1501,2011-08-29,229
1502,2011-08-30,219
1503,2011-08-31,250
1504,2011-09-01,244
1505,2011-09-02,302
1506,2011-09-03,332
1507,2011-09-04,176
1508,2011-09-05,215
1509,2011-09-06,175
1510,2011-09-07,225
1511,2011-09-08,215
1512,2011-09-09,264
1513,2011-09-10,392
1514,2011-09-11,175
1515,2011-09-12,193
1516,2011-09-13,198
1517,2011-09-14,212
1518,2011-09-15,283
1519,2011-09-16,232
1520,2011-09-17,387
1521,2011-09-18,191
1522,2011-09-19,197
1523,2011-09-20,219
1524,2011-09-21,265
1525,2011-09-22,234
1526,2011-09-23,290
1527,2011-09-24,457
1528,2011-09-25,219
1529,2011-09-26,265
1530,2011-09-27,286
1531,2011-09-28,298
1532,2011-09-29,298
1533,2011-09-30,360
1534,2011-10-01,587
1535,2011-10-02,193
1536,2011-10-03,234
1537,2011-10-04,185
1538,2011-10-05,275
1539,2011-10-06,272
1540,2011-10-07,329
1541,2011-10-08,408
1542,2011-10-09,195
1543,2011-10-10,136
1544,2011-10-11,179
1545,2011-10-12,178
1546,2011-10-13,204
1547,2011-10-14,248
1548,2011-10-15,592
1549,2011-10-16,214
1550,2011-10-17,171
1551,2011-10-18,198
1552,2011-10-19,318
1553,2011-10-20,259
1554,2011-10-21,252
1555,2011-10-22,575
1556,2011-10-23,193
1557,2011-10-24,361
1558,2011-10-25,271
1559,2011-10-26,381
1560,2011-10-27,242
1561,2011-10-28,457
1562,2011-10-29,429
1563,2011-10-30,220
1564,2011-10-31,192
1565,2011-11-01,239
1566,2011-11-02,209
1567,2011-11-03,195
1568,2011-11-04,270
1569,2011-11-05,337
1570,2011-11-06,258
1571,2011-11-07,168
1572,2011-11-08,159
1573,2011-11-09,225
1574,2011-11-10,273
1575,2011-11-11,279
1576,2011-11-12,710
1577,2011-11-13,210
1578,2011-11-14,207
1579,2011-11-15,235
1580,2011-11-16,248
1581,2011-11-17,361
1582,2011-11-18,324
1583,2011-11-19,733
1584,2011-11-20,240
1585,2011-11-21,208
1586,2011-11-22,218
1587,2011-11-23,236
1588,2011-11-24,322
1589,2011-11-25,317
1590,2011-11-26,608
1591,2011-11-27,378
1592,2011-11-28,252
1593,2011-11-29,204
1594,2011-11-30,548
1595,2011-12-01,328
1596,2011-12-02,367
1597,2011-12-03,663
1598,2011-12-04,263
1599,2011-12-05,268
1600,2011-12-06,229
1601,2011-12-07,311
1602,2011-12-08,228
1603,2011-12-09,302
1604,2011-12-10,552
1605,2011-12-11,272
1606,2011-12-12,343
1607,2011-12-13,284
1608,2011-12-14,244
1609,2011-12-15,373
1610,2011-12-16,401
1611,2011-12-17,665
1612,2011-12-18,416
1613,2011-12-19,321
1614,2011-12-20,422
1615,2011-12-21,390
1616,2011-12-22,572
1617,2011-12-23,408
1618,2011-12-24,364
1619,2011-12-25,10
1620,2011-12-26,581
1621,2011-12-27,727
1622,2011-12-28,530
1623,2011-12-29,349
1624,2011-12-30,387
1625,2011-12-31,334
1626,2012-01-01,82
1627,2012-01-02,261
1628,2012-01-03,164
1629,2012-01-04,160
1630,2012-01-05,262
1631,2012-01-06,245
1632,2012-01-07,407
1633,2012-01-08,200
1634,2012-01-09,233
1635,2012-01-10,225
1636,2012-01-11,204
1637,2012-01-12,300
1638,2012-01-13,347
1639,2012-01-14,318
1640,2012-01-15,137
1641,2012-01-16,277
1642,2012-01-17,272
1643,2012-01-18,298
1644,2012-01-19,304
1645,2012-01-20,256
1646,2012-01-21,353
1647,2012-01-22,160
1648,2012-01-23,247
1649,2012-01-24,164
1650,2012-01-25,190
1651,2012-01-26,218
1652,2012-01-27,213
1653,2012-01-28,576
1654,2012-01-29,180
1655,2012-01-30,202
1656,2012-01-31,176
1657,2012-02-01,262
1658,2012-02-02,215
1659,2012-02-03,336
1660,2012-02-04,302
1661,2012-02-05,184
1662,2012-02-06,186
1663,2012-02-07,167
1664,2012-02-08,200
1665,2012-02-09,156
1666,2012-02-10,209
1667,2012-02-11,353
1668,2012-02-12,180
1669,2012-02-13,283
1670,2012-02-14,241
1671,2012-02-15,269
1672,2012-02-16,222
1673,2012-02-17,248
1674,2012-02-18,420
1675,2012-02-19,236
1676,2012-02-20,147
1677,2012-02-21,210
1678,2012-02-22,140
1679,2012-02-23,183
1680,2012-02-24,281
1681,2012-02-25,366
1682,2012-02-26,168
1683,2012-02-27,139
1684,2012-02-28,177
1685,2012-02-29,195
1686,2012-03-01,326
1687,2012-03-02,237
1688,2012-03-03,406
1689,2012-03-04,128
1690,2012-03-05,256
1691,2012-03-06,272
1692,2012-03-07,221
1693,2012-03-08,202
1694,2012-03-09,244
1695,2012-03-10,545
1696,2012-03-11,276
1697,2012-03-12,250
1698,2012-03-13,179
1699,2012-03-14,209
1700,2012-03-15,302
1701,2012-03-16,294
1702,2012-03-17,451
1703,2012-03-18,235
1704,2012-03-19,178
1705,2012-03-20,272
1706,2012-03-21,201
1707,2012-03-22,290
1708,2012-03-23,259
1709,2012-03-24,511
1710,2012-03-25,260
1711,2012-03-26,249
1712,2012-03-27,273
1713,2012-03-28,286
1714,2012-03-29,293
1715,2012-03-30,377
1716,2012-03-31,443
1717,2012-04-01,273
1718,2012-04-02,188
1719,2012-04-03,178
1720,2012-04-04,154
1721,2012-04-05,378
1722,2012-04-06,251
1723,2012-04-07,303
1724,2012-04-08,101
1725,2012-04-09,156
1726,2012-04-10,243
1727,2012-04-11,200
1728,2012-04-12,274
1729,2012-04-13,266
1730,2012-04-14,284
1731,2012-04-15,178
1732,2012-04-16,174
1733,2012-04-17,222
1734,2012-04-18,140
1735,2012-04-19,156
1736,2012-04-20,252
1737,2012-04-21,365
1738,2012-04-22,147
1739,2012-04-23,145
1740,2012-04-24,193
1741,2012-04-25,137
1742,2012-04-26,144
1743,2012-04-27,233
1744,2012-04-28,307
1745,2012-04-29,121
1746,2012-04-30,221
1747,2012-05-01,219
1748,2012-05-02,235
1749,2012-05-03,191
1750,2012-05-04,251
1751,2012-05-05,388
1752,2012-05-06,237
1753,2012-05-07,180
1754,2012-05-08,175
1755,2012-05-09,208
1756,2012-05-10,212
1757,2012-05-11,197
1758,2012-05-12,394
1759,2012-05-13,169
1760,2012-05-14,182
1761,2012-05-15,172
1762,2012-05-16,189
1763,2012-05-17,208
1764,2012-05-18,227
1765,2012-05-19,415
1766,2012-05-20,183
1767,2012-05-21,190
1768,2012-05-22,196
1769,2012-05-23,211
1770,2012-05-24,256
1771,2012-05-25,322
1772,2012-05-26,399
1773,2012-05-27,242
1774,2012-05-28,202
1775,2012-05-29,202
1776,2012-05-30,264
1777,2012-05-31,218
1778,2012-06-01,345
1779,2012-06-02,403
1780,2012-06-03,198
1781,2012-06-04,214
1782,2012-06-05,137
1783,2012-06-06,253
1784,2012-06-07,227
1785,2012-06-08,251
1786,2012-06-09,355
1787,2012-06-10,169
1788,2012-06-11,202
1789,2012-06-12,196
1790,2012-06-13,191
1791,2012-06-14,228
1792,2012-06-15,251
1793,2012-06-16,308
1794,2012-06-17,160
1795,2012-06-18,206
1796,2012-06-19,201
1797,2012-06-20,236
1798,2012-06-21,200
1799,2012-06-22,283
1800,2012-06-23,423
1801,2012-06-24,234
1802,2012-06-25,207
1803,2012-06-26,239
1804,2012-06-27,226
1805,2012-06-28,205
1806,2012-06-29,297
1807,2012-06-30,446
1808,2012-07-01,188
1809,2012-07-02,205
1810,2012-07-03,212
1811,2012-07-04,218
1812,2012-07-05,231
1813,2012-07-06,227
1814,2012-07-07,397
1815,2012-07-08,190
1816,2012-07-09,184
1817,2012-07-10,217
1818,2012-07-11,239
1819,2012-07-12,230
1820,2012-07-13,247
1821,2012-07-14,409
1822,2012-07-15,199
1823,2012-07-16,175
1824,2012-07-17,223
1825,2012-07-18,235
1826,2012-07-19,222
1827,2012-07-20,277
1828,2012-07-21,417
1829,2012-07-22,212
1830,2012-07-23,218
1831,2012-07-24,243
1832,2012-07-25,216
1833,2012-07-26,255
1834,2012-07-27,261
1835,2012-07-28,381
1836,2012-07-29,181
1837,2012-07-30,199
1838,2012-07-31,237
1839,2012-08-01,226
1840,2012-08-02,215
1841,2012-08-03,242
1842,2012-08-04,357
1843,2012-08-05,185
1844,2012-08-06,216
1845,2012-08-07,203
1846,2012-08-08,251
1847,2012-08-09,237
1848,2012-08-10,242
1849,2012-08-11,360
1850,2012-08-12,164
1851,2012-08-13,210
1852,2012-08-14,225
1853,2012-08-15,225
1854,2012-08-16,268
1855,2012-08-17,278
1856,2012-08-18,368
1857,2012-08-19,186
1858,2012-08-20,240
1859,2012-08-21,222
1860,2012-08-22,248
1861,2012-08-23,263
1862,2012-08-24,260
1863,2012-08-25,351
1864,2012-08-26,216
1865,2012-08-27,206
1866,2012-08-28,221
1867,2012-08-29,213
1868,2012-08-30,256
1869,2012-08-31,277
1870,2012-09-01,340
1871,2012-09-02,179
1872,2012-09-03,273
1873,2012-09-04,223
1874,2012-09-05,222
1875,2012-09-06,218
1876,2012-09-07,270
1877,2012-09-08,375
1878,2012-09-09,187
1879,2012-09-10,211
1880,2012-09-11,209
1881,2012-09-12,209
1882,2012-09-13,255
1883,2012-09-14,246
1884,2012-09-15,365
1885,2012-09-16,190
1886,2012-09-17,211
1887,2012-09-18,215
1888,2012-09-19,240
1889,2012-09-20,257
1890,2012-09-21,274
1891,2012-09-22,398
1892,2012-09-23,214
1893,2012-09-24,195
1894,2012-09-25,189
1895,2012-09-26,234
1896,2012-09-27,252
1897,2012-09-28,280
1898,2012-09-29,459
1899,2012-09-30,200
1900,2012-10-01,258
1901,2012-10-02,194
1902,2012-10-03,259
1903,2012-10-04,283
1904,2012-10-05,282
1905,2012-10-06,405
1906,2012-10-07,291
1907,2012-10-08,178
1908,2012-10-09,199
1909,2012-10-10,231
1910,2012-10-11,303
1911,2012-10-12,279
1912,2012-10-13,589
1913,2012-10-14,225
1914,2012-10-15,198
1915,2012-10-16,205
1916,2012-10-17,292
1917,2012-10-18,263
1918,2012-10-19,428
1919,2012-10-20,681
1920,2012-10-21,286
1921,2012-10-22,196
1922,2012-10-23,239
1923,2012-10-24,245
1924,2012-10-25,275
1925,2012-10-26,323
1926,2012-10-27,404
1927,2012-10-28,191
1928,2012-10-29,241
1929,2012-10-30,278
1930,2012-10-31,292
1931,2012-11-01,320
1932,2012-11-02,409
1933,2012-11-03,456
1934,2012-11-04,206
1935,2012-11-05,273
1936,2012-11-06,176
1937,2012-11-07,219
1938,2012-11-08,321
1939,2012-11-09,259
1940,2012-11-10,668
1941,2012-11-11,239
1942,2012-11-12,177
1943,2012-11-13,222
1944,2012-11-14,229
1945,2012-11-15,256
1946,2012-11-16,274
1947,2012-11-17,601
1948,2012-11-18,365
1949,2012-11-19,180
1950,2012-11-20,195
1951,2012-11-21,202
1952,2012-11-22,224
1953,2012-11-23,319
1954,2012-11-24,552
1955,2012-11-25,279
1956,2012-11-26,188
1957,2012-11-27,192
1958,2012-11-28,262
1959,2012-11-29,386
1960,2012-11-30,429
1961,2012-12-01,790
1962,2012-12-02,478
1963,2012-12-03,235
1964,2012-12-04,219
1965,2012-12-05,332
1966,2012-12-06,321
1967,2012-12-07,324
1968,2012-12-08,568
1969,2012-12-09,290
1970,2012-12-10,283
1971,2012-12-11,379
1972,2012-12-12,328
1973,2012-12-13,322
1974,2012-12-14,228
1975,2012-12-15,651
1976,2012-12-16,513
1977,2012-12-17,304
1978,2012-12-18,353
1979,2012-12-19,358
1980,2012-12-20,385
1981,2012-12-21,472
1982,2012-12-22,457
1983,2012-12-23,431
1984,2012-12-24,329
1985,2012-12-25,10
1986,2012-12-26,482
1987,2012-12-27,471
1988,2012-12-28,407
1989,2012-12-29,322
1990,2012-12-30,236
1991,2012-12-31,311
1992,2013-01-01,128
1993,2013-01-02,291
1994,2013-01-03,294
1995,2013-01-04,309
1996,2013-01-05,400
1997,2013-01-06,196
1998,2013-01-07,220
1999,2013-01-08,210
2000,2013-01-09,215
2001,2013-01-10,312
2002,2013-01-11,282
2003,2013-01-12,315
2004,2013-01-13,147
2005,2013-01-14,212
2006,2013-01-15,265
2007,2013-01-16,223
2008,2013-01-17,228
2009,2013-01-18,222
2010,2013-01-19,299
2011,2013-01-20,175
2012,2013-01-21,122
2013,2013-01-22,253
2014,2013-01-23,214
2015,2013-01-24,237
2016,2013-01-25,273
2017,2013-01-26,384
2018,2013-01-27,221
2019,2013-01-28,210
2020,2013-01-29,209
2021,2013-01-30,204
2022,2013-01-31,267
2023,2013-02-01,355
2024,2013-02-02,495
2025,2013-02-03,242
2026,2013-02-04,202
2027,2013-02-05,177
2028,2013-02-06,214
2029,2013-02-07,270
2030,2013-02-08,306
2031,2013-02-09,534
2032,2013-02-10,204
2033,2013-02-11,228
2034,2013-02-12,240
2035,2013-02-13,189
2036,2013-02-14,269
2037,2013-02-15,251
2038,2013-02-16,489
2039,2013-02-17,206
2040,2013-02-18,298
2041,2013-02-19,445
2042,2013-02-20,307
2043,2013-02-21,311
2044,2013-02-22,360
2045,2013-02-23,438
2046,2013-02-24,199
2047,2013-02-25,202
2048,2013-02-26,212
2049,2013-02-27,368
2050,2013-02-28,386
2051,2013-03-01,320
2052,2013-03-02,757
2053,2013-03-03,253
2054,2013-03-04,239
2055,2013-03-05,275
2056,2013-03-06,255
2057,2013-03-07,265
2058,2013-03-08,275
2059,2013-03-09,447
2060,2013-03-10,228
2061,2013-03-11,240
2062,2013-03-12,338
2063,2013-03-13,279
2064,2013-03-14,289
2065,2013-03-15,298
2066,2013-03-16,550
2067,2013-03-17,256
2068,2013-03-18,227
2069,2013-03-19,278
2070,2013-03-20,269
2071,2013-03-21,684
2072,2013-03-22,304
2073,2013-03-23,359
2074,2013-03-24,422
2075,2013-03-25,332
2076,2013-03-26,338
2077,2013-03-27,352
2078,2013-03-28,504
2079,2013-03-29,902
2080,2013-03-30,976
2081,2013-03-31,198
2082,2013-04-01,559
2083,2013-04-02,526
2084,2013-04-03,554
2085,2013-04-04,576
2086,2013-04-05,545
2087,2013-04-06,771
2088,2013-04-07,369
2089,2013-04-08,399
2090,2013-04-09,505
2091,2013-04-10,566
2092,2013-04-11,387
2093,2013-04-12,409
2094,2013-04-13,644
2095,2013-04-14,279
2096,2013-04-15,383
2097,2013-04-16,377
2098,2013-04-17,307
2099,2013-04-18,332
2100,2013-04-19,373
2101,2013-04-20,833
2102,2013-04-21,302
2103,2013-04-22,475
2104,2013-04-23,386
2105,2013-04-24,302
2106,2013-04-25,315
2107,2013-04-26,503
2108,2013-04-27,852
2109,2013-04-28,343
2110,2013-04-29,286
2111,2013-04-30,367
2112,2013-05-01,349
2113,2013-05-02,442
2114,2013-05-03,383
2115,2013-05-04,708
2116,2013-05-05,436
2117,2013-05-06,464
2118,2013-05-07,320
2119,2013-05-08,273
2120,2013-05-09,243
2121,2013-05-10,298
2122,2013-05-11,546
2123,2013-05-12,238
2124,2013-05-13,247
2125,2013-05-14,275
2126,2013-05-15,240
2127,2013-05-16,356
2128,2013-05-17,362
2129,2013-05-18,502
2130,2013-05-19,323
2131,2013-05-20,266
2132,2013-05-21,289
2133,2013-05-22,308
2134,2013-05-23,305
2135,2013-05-24,314
2136,2013-05-25,802
2137,2013-05-26,514
2138,2013-05-27,396
2139,2013-05-28,333
2140,2013-05-29,326
2141,2013-05-30,370
2142,2013-05-31,563
2143,2013-06-01,635
2144,2013-06-02,371
2145,2013-06-03,318
2146,2013-06-04,366
2147,2013-06-05,295
2148,2013-06-06,388
2149,2013-06-07,413
2150,2013-06-08,612
2151,2013-06-09,316
2152,2013-06-10,247
2153,2013-06-11,256
2154,2013-06-12,297
2155,2013-06-13,291
2156,2013-06-14,355
2157,2013-06-15,620
2158,2013-06-16,269
2159,2013-06-17,274
2160,2013-06-18,350
2161,2013-06-19,310
2162,2013-06-20,294
2163,2013-06-21,373
2164,2013-06-22,517
2165,2013-06-23,278
2166,2013-06-24,272
2167,2013-06-25,330
2168,2013-06-26,331
2169,2013-06-27,291
2170,2013-06-28,337
2171,2013-06-29,677
2172,2013-06-30,373
2173,2013-07-01,297
2174,2013-07-02,258
2175,2013-07-03,320
2176,2013-07-04,318
2177,2013-07-05,433
2178,2013-07-06,576
2179,2013-07-07,307
2180,2013-07-08,317
2181,2013-07-09,339
2182,2013-07-10,282
2183,2013-07-11,236
2184,2013-07-12,375
2185,2013-07-13,388
2186,2013-07-14,209
2187,2013-07-15,182
2188,2013-07-16,235
2189,2013-07-17,222
2190,2013-07-18,219
2191,2013-07-19,369
2192,2013-07-20,489
2193,2013-07-21,219
2194,2013-07-22,255
2195,2013-07-23,275
2196,2013-07-24,244
2197,2013-07-25,235
2198,2013-07-26,244
2199,2013-07-27,423
2200,2013-07-28,199
2201,2013-07-29,235
2202,2013-07-30,275
2203,2013-07-31,271
2204,2013-08-01,248
2205,2013-08-02,336
2206,2013-08-03,544
2207,2013-08-04,240
2208,2013-08-05,266
2209,2013-08-06,286
2210,2013-08-07,363
2211,2013-08-08,317
2212,2013-08-09,318
2213,2013-08-10,473
2214,2013-08-11,259
2215,2013-08-12,288
2216,2013-08-13,350
2217,2013-08-14,331
2218,2013-08-15,325
2219,2013-08-16,335
2220,2013-08-17,400
2221,2013-08-18,238
2222,2013-08-19,298
2223,2013-08-20,336
2224,2013-08-21,391
2225,2013-08-22,399
2226,2013-08-23,367
2227,2013-08-24,426
2228,2013-08-25,463
2229,2013-08-26,385
2230,2013-08-27,339
2231,2013-08-28,339
2232,2013-08-29,362
2233,2013-08-30,380
2234,2013-08-31,457
2235,2013-09-01,266
2236,2013-09-02,335
2237,2013-09-03,316
2238,2013-09-04,361
2239,2013-09-05,351
2240,2013-09-06,275
2241,2013-09-07,446
2242,2013-09-08,270
2243,2013-09-09,306
2244,2013-09-10,280
2245,2013-09-11,258
2246,2013-09-12,315
2247,2013-09-13,335
2248,2013-09-14,542
2249,2013-09-15,246
2250,2013-09-16,252
2251,2013-09-17,271
2252,2013-09-18,318
2253,2013-09-19,300
2254,2013-09-20,371
2255,2013-09-21,582
2256,2013-09-22,401
2257,2013-09-23,269
2258,2013-09-24,266
2259,2013-09-25,340
2260,2013-09-26,316
2261,2013-09-27,487
2262,2013-09-28,799
2263,2013-09-29,274
2264,2013-09-30,349
2265,2013-10-01,264
2266,2013-10-02,280
2267,2013-10-03,283
2268,2013-10-04,321
2269,2013-10-05,614
2270,2013-10-06,254
2271,2013-10-07,262
2272,2013-10-08,301
2273,2013-10-09,313
2274,2013-10-10,348
2275,2013-10-11,342
2276,2013-10-12,534
2277,2013-10-13,248
2278,2013-10-14,218
2279,2013-10-15,300
2280,2013-10-16,245
2281,2013-10-17,290
2282,2013-10-18,347
2283,2013-10-19,597
2284,2013-10-20,316
2285,2013-10-21,213
2286,2013-10-22,240
2287,2013-10-23,337
2288,2013-10-24,399
2289,2013-10-25,431
2290,2013-10-26,617
2291,2013-10-27,272
2292,2013-10-28,260
2293,2013-10-29,318
2294,2013-10-30,365
2295,2013-10-31,409
2296,2013-11-01,397
2297,2013-11-02,460
2298,2013-11-03,239
2299,2013-11-04,329
2300,2013-11-05,245
2301,2013-11-06,251
2302,2013-11-07,427
2303,2013-11-08,354
2304,2013-11-09,495
2305,2013-11-10,304
2306,2013-11-11,225
2307,2013-11-12,326
2308,2013-11-13,348
2309,2013-11-14,363
2310,2013-11-15,433
2311,2013-11-16,793
2312,2013-11-17,382
2313,2013-11-18,244
2314,2013-11-19,286
2315,2013-11-20,270
2316,2013-11-21,343
2317,2013-11-22,387
2318,2013-11-23,681
2319,2013-11-24,433
2320,2013-11-25,324
2321,2013-11-26,330
2322,2013-11-27,314
2323,2013-11-28,349
2324,2013-11-29,453
2325,2013-11-30,963
2326,2013-12-01,441
2327,2013-12-02,328
2328,2013-12-03,325
2329,2013-12-04,409
2330,2013-12-05,237
2331,2013-12-06,432
2332,2013-12-07,677
2333,2013-12-08,402
2334,2013-12-09,386
2335,2013-12-10,417
2336,2013-12-11,373
2337,2013-12-12,359
2338,2013-12-13,419
2339,2013-12-14,721
2340,2013-12-15,488
2341,2013-12-16,369
2342,2013-12-17,435
2343,2013-12-18,356
2344,2013-12-19,488
2345,2013-12-20,499
2346,2013-12-21,695
2347,2013-12-22,531
2348,2013-12-23,449
2349,2013-12-24,448
2350,2013-12-25,16
2351,2013-12-26,676
2352,2013-12-27,506
2353,2013-12-28,575
2354,2013-12-29,387
2355,2013-12-30,403
2356,2013-12-31,357
2357,2014-01-01,114
2358,2014-01-02,341
2359,2014-01-03,354
2360,2014-01-04,364
2361,2014-01-05,193
2362,2014-01-06,202
2363,2014-01-07,242
2364,2014-01-08,227
2365,2014-01-09,209
2366,2014-01-10,282
2367,2014-01-11,373
2368,2014-01-12,187
2369,2014-01-13,233
2370,2014-01-14,221
2371,2014-01-15,197
2372,2014-01-16,265
2373,2014-01-17,271
2374,2014-01-18,326
2375,2014-01-19,176
2376,2014-01-20,239
2377,2014-01-21,229
2378,2014-01-22,204
2379,2014-01-23,278
2380,2014-01-24,306
2381,2014-01-25,467
2382,2014-01-26,222
2383,2014-01-27,228
2384,2014-01-28,227
2385,2014-01-29,253
2386,2014-01-30,269
2387,2014-01-31,292
2388,2014-02-01,511
2389,2014-02-02,218
2390,2014-02-03,240
2391,2014-02-04,216
2392,2014-02-05,226
2393,2014-02-06,258
2394,2014-02-07,371
2395,2014-02-08,521
2396,2014-02-09,244
2397,2014-02-10,226
2398,2014-02-11,224
2399,2014-02-12,211
2400,2014-02-13,353
2401,2014-02-14,310
2402,2014-02-15,428
2403,2014-02-16,199
2404,2014-02-17,272
2405,2014-02-18,331
2406,2014-02-19,343
2407,2014-02-20,341
2408,2014-02-21,371
2409,2014-02-22,583
2410,2014-02-23,214
2411,2014-02-24,236
2412,2014-02-25,247
2413,2014-02-26,287
2414,2014-02-27,347
2415,2014-02-28,431
2416,2014-03-01,604
2417,2014-03-02,258
2418,2014-03-03,251
2419,2014-03-04,269
2420,2014-03-05,215
2421,2014-03-06,310
2422,2014-03-07,288
2423,2014-03-08,392
2424,2014-03-09,340
2425,2014-03-10,291
2426,2014-03-11,298
2427,2014-03-12,303
2428,2014-03-13,328
2429,2014-03-14,371
2430,2014-03-15,535
2431,2014-03-16,302
2432,2014-03-17,280
2433,2014-03-18,276
2434,2014-03-19,324
2435,2014-03-20,431
2436,2014-03-21,389
2437,2014-03-22,571
2438,2014-03-23,332
2439,2014-03-24,295
2440,2014-03-25,291
2441,2014-03-26,377
2442,2014-03-27,344
2443,2014-03-28,435
2444,2014-03-29,629
2445,2014-03-30,284
2446,2014-03-31,298
2447,2014-04-01,313
2448,2014-04-02,305
2449,2014-04-03,327
2450,2014-04-04,374
2451,2014-04-05,537
2452,2014-04-06,302
2453,2014-04-07,298
2454,2014-04-08,295
2455,2014-04-09,331
2456,2014-04-10,369
2457,2014-04-11,413
2458,2014-04-12,496
2459,2014-04-13,263
2460,2014-04-14,341
2461,2014-04-15,376
2462,2014-04-16,377
2463,2014-04-17,399
2464,2014-04-18,455
2465,2014-04-19,482
2466,2014-04-20,163
2467,2014-04-21,339
2468,2014-04-22,302
2469,2014-04-23,324
2470,2014-04-24,356
2471,2014-04-25,365
2472,2014-04-26,527
2473,2014-04-27,339
2474,2014-04-28,339
2475,2014-04-29,342
2476,2014-04-30,353
2477,2014-05-01,320
2478,2014-05-02,438
2479,2014-05-03,617
2480,2014-05-04,378
2481,2014-05-05,362
2482,2014-05-06,359
2483,2014-05-07,303
2484,2014-05-08,299
2485,2014-05-09,360
2486,2014-05-10,522
2487,2014-05-11,292
2488,2014-05-12,295
2489,2014-05-13,317
2490,2014-05-14,395
2491,2014-05-15,353
2492,2014-05-16,453
2493,2014-05-17,560
2494,2014-05-18,322
2495,2014-05-19,320
2496,2014-05-20,331
2497,2014-05-21,370
2498,2014-05-22,346
2499,2014-05-23,394
2500,2014-05-24,520
2501,2014-05-25,405
2502,2014-05-26,384
2503,2014-05-27,390
2504,2014-05-28,357
2505,2014-05-29,387
2506,2014-05-30,488
2507,2014-05-31,573
2508,2014-06-01,337
2509,2014-06-02,330
2510,2014-06-03,330
2511,2014-06-04,347
2512,2014-06-05,357
2513,2014-06-06,459
2514,2014-06-07,521
2515,2014-06-08,336
2516,2014-06-09,298
2517,2014-06-10,335
2518,2014-06-11,362
2519,2014-06-12,391
2520,2014-06-13,406
2521,2014-06-14,549
2522,2014-06-15,292
2523,2014-06-16,321
2524,2014-06-17,344
2525,2014-06-18,373
2526,2014-06-19,355
2527,2014-06-20,430
2528,2014-06-21,575
2529,2014-06-22,351
2530,2014-06-23,361
2531,2014-06-24,325
2532,2014-06-25,362
2533,2014-06-26,356
2534,2014-06-27,416
2535,2014-06-28,561
2536,2014-06-29,351
2537,2014-06-30,348
2538,2014-07-01,356
2539,2014-07-02,374
2540,2014-07-03,362
2541,2014-07-04,406
2542,2014-07-05,554
2543,2014-07-06,304
2544,2014-07-07,340
2545,2014-07-08,352
2546,2014-07-09,367
2547,2014-07-10,421
2548,2014-07-11,416
2549,2014-07-12,558
2550,2014-07-13,334
2551,2014-07-14,317
2552,2014-07-15,321
2553,2014-07-16,347
2554,2014-07-17,368
2555,2014-07-18,378
2556,2014-07-19,496
2557,2014-07-20,353
2558,2014-07-21,366
2559,2014-07-22,365
2560,2014-07-23,366
2561,2014-07-24,389
2562,2014-07-25,449
2563,2014-07-26,517
2564,2014-07-27,343
2565,2014-07-28,341
2566,2014-07-29,353
2567,2014-07-30,349
2568,2014-07-31,402
2569,2014-08-01,402
2570,2014-08-02,516
2571,2014-08-03,411
2572,2014-08-04,370
2573,2014-08-05,365
2574,2014-08-06,346
2575,2014-08-07,376
2576,2014-08-08,406
2577,2014-08-09,486
2578,2014-08-10,273
2579,2014-08-11,303
2580,2014-08-12,337
2581,2014-08-13,368
2582,2014-08-14,379
2583,2014-08-15,410
2584,2014-08-16,484
2585,2014-08-17,294
2586,2014-08-18,337
2587,2014-08-19,354
2588,2014-08-20,358
2589,2014-08-21,351
2590,2014-08-22,405
2591,2014-08-23,468
2592,2014-08-24,288
2593,2014-08-25,304
2594,2014-08-26,353
2595,2014-08-27,363
2596,2014-08-28,420
2597,2014-08-29,419
2598,2014-08-30,527
2599,2014-08-31,313
2600,2014-09-01,356
2601,2014-09-02,342
2602,2014-09-03,322
2603,2014-09-04,344
2604,2014-09-05,374
2605,2014-09-06,491
2606,2014-09-07,324
2607,2014-09-08,313
2608,2014-09-09,309
2609,2014-09-10,324
2610,2014-09-11,347
2611,2014-09-12,363
2612,2014-09-13,529
2613,2014-09-14,313
2614,2014-09-15,299
2615,2014-09-16,317
2616,2014-09-17,329
2617,2014-09-18,349
2618,2014-09-19,409
2619,2014-09-20,575
2620,2014-09-21,355
2621,2014-09-22,346
2622,2014-09-23,358
2623,2014-09-24,379
2624,2014-09-25,380
2625,2014-09-26,466
2626,2014-09-27,654
2627,2014-09-28,388
2628,2014-09-29,467
2629,2014-09-30,353
2630,2014-10-01,390
2631,2014-10-02,390
2632,2014-10-03,539
2633,2014-10-04,616
2634,2014-10-05,382
2635,2014-10-06,314
2636,2014-10-07,303
2637,2014-10-08,364
2638,2014-10-09,357
2639,2014-10-10,437
2640,2014-10-11,671
2641,2014-10-12,349
2642,2014-10-13,270
2643,2014-10-14,286
2644,2014-10-15,338
2645,2014-10-16,362
2646,2014-10-17,422
2647,2014-10-18,611
2648,2014-10-19,345
2649,2014-10-20,297
2650,2014-10-21,288
2651,2014-10-22,325
2652,2014-10-23,352
2653,2014-10-24,446
2654,2014-10-25,624
2655,2014-10-26,411
2656,2014-10-27,416
2657,2014-10-28,424
2658,2014-10-29,447
2659,2014-10-30,455
2660,2014-10-31,549
2661,2014-11-01,611
2662,2014-11-02,365
2663,2014-11-03,312
2664,2014-11-04,321
2665,2014-11-05,331
2666,2014-11-06,323
2667,2014-11-07,393
2668,2014-11-08,604
2669,2014-11-09,360
2670,2014-11-10,308
2671,2014-11-11,331
2672,2014-11-12,349
2673,2014-11-13,416
2674,2014-11-14,458
2675,2014-11-15,660
2676,2014-11-16,389
2677,2014-11-17,331
2678,2014-11-18,341
2679,2014-11-19,387
2680,2014-11-20,386
2681,2014-11-21,450
2682,2014-11-22,705
2683,2014-11-23,471
2684,2014-11-24,346
2685,2014-11-25,360
2686,2014-11-26,359
2687,2014-11-27,409
2688,2014-11-28,671
2689,2014-11-29,787
2690,2014-11-30,493
2691,2014-12-01,402
2692,2014-12-02,381
2693,2014-12-03,416
2694,2014-12-04,424
2695,2014-12-05,522
2696,2014-12-06,761
2697,2014-12-07,436
2698,2014-12-08,394
2699,2014-12-09,386
2700,2014-12-10,348
2701,2014-12-11,416
2702,2014-12-12,545
2703,2014-12-13,736
2704,2014-12-14,444
2705,2014-12-15,428
2706,2014-12-16,446
2707,2014-12-17,467
2708,2014-12-18,502
2709,2014-12-19,564
2710,2014-12-20,687
2711,2014-12-21,450
2712,2014-12-22,629
2713,2014-12-23,604
2714,2014-12-24,450
2715,2014-12-25,16
2716,2014-12-26,588
2717,2014-12-27,619
2718,2014-12-28,419
2719,2014-12-29,580
2720,2014-12-30,536
2721,2014-12-31,421
2722,2015-01-01,140
2723,2015-01-02,470
2724,2015-01-03,422
2725,2015-01-04,256
2726,2015-01-05,294
2727,2015-01-06,281
2728,2015-01-07,267
2729,2015-01-08,285
2730,2015-01-09,299
2731,2015-01-10,416
2732,2015-01-11,221
2733,2015-01-12,236
2734,2015-01-13,255
2735,2015-01-14,262
2736,2015-01-15,264
2737,2015-01-16,312
2738,2015-01-17,427
2739,2015-01-18,199
2740,2015-01-19,245
2741,2015-01-20,276
2742,2015-01-21,283
2743,2015-01-22,279
2744,2015-01-23,349
2745,2015-01-24,561
2746,2015-01-25,300
2747,2015-01-26,262
2748,2015-01-27,248
2749,2015-01-28,251
2750,2015-01-29,217
2751,2015-01-30,354
2752,2015-01-31,527
2753,2015-02-01,269
2754,2015-02-02,248
2755,2015-02-03,266
2756,2015-02-04,291
2757,2015-02-05,278
2758,2015-02-06,324
2759,2015-02-07,485
2760,2015-02-08,259
2761,2015-02-09,228
2762,2015-02-10,250
2763,2015-02-11,274
2764,2015-02-12,283
2765,2015-02-13,342
2766,2015-02-14,537
2767,2015-02-15,281
2768,2015-02-16,293
2769,2015-02-17,347
2770,2015-02-18,382
2771,2015-02-19,336
2772,2015-02-20,422
2773,2015-02-21,474
2774,2015-02-22,216
2775,2015-02-23,243
2776,2015-02-24,249
2777,2015-02-25,304
2778,2015-02-26,291
2779,2015-02-27,401
2780,2015-02-28,560
2781,2015-03-01,260
2782,2015-03-02,240
2783,2015-03-03,255
2784,2015-03-04,307
2785,2015-03-05,302
2786,2015-03-06,377
2787,2015-03-07,573
2788,2015-03-08,285
2789,2015-03-09,233
2790,2015-03-10,302
2791,2015-03-11,289
2792,2015-03-12,316
2793,2015-03-13,357
2794,2015-03-14,551
2795,2015-03-15,264
2796,2015-03-16,248
2797,2015-03-17,289
2798,2015-03-18,305
2799,2015-03-19,316
2800,2015-03-20,388
2801,2015-03-21,536
2802,2015-03-22,341
2803,2015-03-23,267
2804,2015-03-24,282
2805,2015-03-25,304
2806,2015-03-26,303
2807,2015-03-27,381
2808,2015-03-28,520
2809,2015-03-29,252
2810,2015-03-30,292
2811,2015-03-31,300
2812,2015-04-01,318
2813,2015-04-02,396
2814,2015-04-03,432
2815,2015-04-04,507
2816,2015-04-05,192
2817,2015-04-06,340
2818,2015-04-07,371
2819,2015-04-08,386
2820,2015-04-09,396
2821,2015-04-10,431
2822,2015-04-11,470
2823,2015-04-12,233
2824,2015-04-13,313
2825,2015-04-14,336
2826,2015-04-15,321
2827,2015-04-16,352
2828,2015-04-17,398
2829,2015-04-18,536
2830,2015-04-19,264
2831,2015-04-20,316
2832,2015-04-21,350
2833,2015-04-22,351
2834,2015-04-23,373
2835,2015-04-24,399
2836,2015-04-25,550
2837,2015-04-26,375
2838,2015-04-27,292
2839,2015-04-28,282
2840,2015-04-29,308
2841,2015-04-30,336
2842,2015-05-01,404
2843,2015-05-02,589
2844,2015-05-03,310
2845,2015-05-04,409
2846,2015-05-05,271
2847,2015-05-06,254
2848,2015-05-07,341
2849,2015-05-08,405
2850,2015-05-09,492
2851,2015-05-10,323
2852,2015-05-11,292
2853,2015-05-12,287
2854,2015-05-13,321
2855,2015-05-14,306
2856,2015-05-15,402
2857,2015-05-16,530
2858,2015-05-17,278
2859,2015-05-18,262
2860,2015-05-19,283
2861,2015-05-20,330
2862,2015-05-21,346
2863,2015-05-22,396
2864,2015-05-23,548
2865,2015-05-24,353
2866,2015-05-25,335
2867,2015-05-26,381
2868,2015-05-27,367
2869,2015-05-28,405
2870,2015-05-29,432
2871,2015-05-30,527
2872,2015-05-31,273
2873,2015-06-01,283
2874,2015-06-02,302
2875,2015-06-03,366
2876,2015-06-04,387
2877,2015-06-05,423
2878,2015-06-06,515
2879,2015-06-07,315
2880,2015-06-08,302
2881,2015-06-09,301
2882,2015-06-10,346
2883,2015-06-11,359
2884,2015-06-12,407
2885,2015-06-13,495
2886,2015-06-14,269
2887,2015-06-15,304
2888,2015-06-16,342
2889,2015-06-17,314
2890,2015-06-18,354
2891,2015-06-19,394
2892,2015-06-20,538
2893,2015-06-21,292
2894,2015-06-22,287
2895,2015-06-23,320
2896,2015-06-24,355
2897,2015-06-25,357
2898,2015-06-26,416
2899,2015-06-27,570
2900,2015-06-28,370
2901,2015-06-29,327
2902,2015-06-30,373
2903,2015-07-01,342
2904,2015-07-02,348
2905,2015-07-06,299
2906,2015-07-07,316
2907,2015-07-08,310
2908,2015-07-09,393
2909,2015-07-10,410
2910,2015-07-11,535
2911,2015-07-12,352
2912,2015-07-13,303
2913,2015-07-14,345
2914,2015-07-15,394
2915,2015-07-16,385
2916,2015-07-17,379
2917,2015-07-18,517
2918,2015-07-19,332
2919,2015-07-20,353
2920,2015-07-21,372
2921,2015-07-22,360
2922,2015-07-23,384
2923,2015-07-24,422
2924,2015-07-25,522
2925,2015-07-26,262
2926,2015-07-27,336
2927,2015-07-28,348
2928,2015-07-29,359
2929,2015-07-30,378
2930,2015-07-31,439
2931,2015-08-01,498
2932,2015-08-02,398
2933,2015-08-03,351
2934,2015-08-04,338
2935,2015-08-05,358
2936,2015-08-06,369
2937,2015-08-07,403
2938,2015-08-08,485
2939,2015-08-09,303
2940,2015-08-10,302
2941,2015-08-11,360
2942,2015-08-12,336
2943,2015-08-13,345
2944,2015-08-14,330
2945,2015-08-15,482
2946,2015-08-16,295
2947,2015-08-17,338
2948,2015-08-18,312
2949,2015-08-19,345
2950,2015-08-20,357
2951,2015-08-21,390
2952,2015-08-22,481
2953,2015-08-23,304
2954,2015-08-24,334
2955,2015-08-25,350
2956,2015-08-26,358
2957,2015-08-27,397
2958,2015-08-28,450
2959,2015-08-29,501
2960,2015-08-30,360
2961,2015-09-07,303
2962,2015-09-08,285
2963,2015-09-09,293
2964,2015-09-10,326
2965,2015-09-11,340
2966,2015-09-12,470
2967,2015-09-13,306
2968,2015-09-14,266
2969,2015-09-15,320
2970,2015-09-16,323
2971,2015-09-17,320
2972,2015-09-18,376
2973,2015-09-19,560
2974,2015-09-20,315
2975,2015-09-21,297
2976,2015-09-22,333
2977,2015-09-23,343
2978,2015-09-24,340
2979,2015-09-25,423
2980,2015-09-26,574
2981,2015-09-27,346
2982,2015-09-28,310
2983,2015-09-29,391
2984,2015-09-30,352
2985,2015-10-01,349
2986,2015-10-02,400
2987,2015-10-03,581
2988,2015-10-04,332
2989,2015-10-05,264
2990,2015-10-06,305
2991,2015-10-07,316
2992,2015-10-08,331
2993,2015-10-09,446
2994,2015-10-10,551
2995,2015-10-11,304
2996,2015-10-12,278
2997,2015-10-13,290
2998,2015-10-14,326
2999,2015-10-15,301
3000,2015-10-16,371
3001,2015-10-17,547
3002,2015-10-18,298
3003,2015-10-19,292
3004,2015-10-20,299
3005,2015-10-21,302
3006,2015-10-22,320
3007,2015-10-23,371
3008,2015-10-24,498
3009,2015-10-25,345
3010,2015-10-26,351
3011,2015-10-27,332
3012,2015-10-28,347
3013,2015-10-29,354
3014,2015-10-30,430
3015,2015-10-31,486
3016,2015-11-01,291
3017,2015-11-02,244
3018,2015-11-03,258
3019,2015-11-04,285
3020,2015-11-05,260
3021,2015-11-06,267
3022,2015-11-07,461
3023,2015-11-08,252
3024,2015-11-09,224
3025,2015-11-10,284
3026,2015-11-11,275
3027,2015-11-12,297
3028,2015-11-13,282
3029,2015-11-14,464
3030,2015-11-15,269
3031,2015-11-16,264
3032,2015-11-17,229
3033,2015-11-18,251
3034,2015-11-19,248
3035,2015-11-20,299
3036,2015-11-21,509
3037,2015-11-22,335
3038,2015-11-23,255
3039,2015-11-24,253
3040,2015-11-25,317
3041,2015-11-26,303
3042,2015-11-27,520
3043,2015-11-28,542
3044,2015-11-29,376
3045,2015-11-30,251
3046,2015-12-01,276
3047,2015-12-02,312
3048,2015-12-03,288
3049,2015-12-04,377
3050,2015-12-05,510
3051,2015-12-06,350
3052,2015-12-07,323
3053,2015-12-08,286
3054,2015-12-09,311
3055,2015-12-10,317
3056,2015-12-11,351
3057,2015-12-12,467
3058,2015-12-13,334
3059,2015-12-14,315
3060,2015-12-15,277
3061,2015-12-16,312
3062,2015-12-17,337
3063,2015-12-18,402
3064,2015-12-19,491
3065,2015-12-20,426
3066,2015-12-21,413
3067,2015-12-22,406
3068,2015-12-23,478
3069,2015-12-24,382
3070,2015-12-25,18
3071,2015-12-26,420
3072,2015-12-27,352
3073,2015-12-28,371
3074,2015-12-29,460
3075,2015-12-30,327
3076,2015-12-31,353
3077,2016-01-01,108
3078,2016-01-02,317
3079,2016-01-03,187
3080,2016-01-04,220
3081,2016-01-05,192
3082,2016-01-06,202
3083,2016-01-07,198
3084,2016-01-08,243
3085,2016-01-09,335
3086,2016-01-10,211
3087,2016-01-11,211
3088,2016-01-12,206
3089,2016-01-13,210
3090,2016-01-14,194
3091,2016-01-15,267
3092,2016-01-16,375
3093,2016-01-17,169
3094,2016-01-18,186
3095,2016-01-19,205
3096,2016-01-20,248
3097,2016-01-21,208
3098,2016-01-22,232
3099,2016-01-23,372
3100,2016-01-24,243
3101,2016-01-25,215
3102,2016-01-26,175
3103,2016-01-27,208
3104,2016-01-28,235
3105,2016-01-29,284
3106,2016-01-30,376
3107,2016-01-31,197
3108,2016-02-01,254
3109,2016-02-02,195
3110,2016-02-03,299
3111,2016-02-04,227
3112,2016-02-05,278
3113,2016-02-06,355
3114,2016-02-07,236
3115,2016-02-08,188
3116,2016-02-09,244
3117,2016-02-10,268
3118,2016-02-11,271
3119,2016-02-12,316
3120,2016-02-13,438
3121,2016-02-14,271
3122,2016-02-15,309
3123,2016-02-16,307
3124,2016-02-17,260
3125,2016-02-18,340
3126,2016-02-19,347
3127,2016-02-20,401
3128,2016-02-21,223
3129,2016-02-22,232
3130,2016-02-23,255
3131,2016-02-24,260
3132,2016-02-25,263
3133,2016-02-26,317
3134,2016-02-27,452
3135,2016-02-28,309
3136,2016-02-29,253
3137,2016-03-01,250
3138,2016-03-02,258
3139,2016-03-03,283
3140,2016-03-04,261
3141,2016-03-05,508
3142,2016-03-06,238
3143,2016-03-07,257
3144,2016-03-08,253
3145,2016-03-09,217
3146,2016-03-10,276
3147,2016-03-11,314
3148,2016-03-12,477
3149,2016-03-13,265
3150,2016-03-14,276
3151,2016-03-15,262
3152,2016-03-16,290
3153,2016-03-17,302
3154,2016-03-18,319
3155,2016-03-19,462
3156,2016-03-20,274
3157,2016-03-21,268
3158,2016-03-22,280
3159,2016-03-23,279
3160,2016-03-24,344
3161,2016-03-25,437
3162,2016-03-26,442
3163,2016-03-27,124
3164,2016-03-28,278
3165,2016-03-29,309
3166,2016-03-30,326
3167,2016-03-31,366
3168,2016-04-01,349
3169,2016-04-02,442
3170,2016-04-03,270
3171,2016-04-04,310
3172,2016-04-05,336
3173,2016-04-06,322
3174,2016-04-07,340
3175,2016-04-08,388
3176,2016-04-09,447
3177,2016-04-10,251
3178,2016-04-11,307
3179,2016-04-12,264
3180,2016-04-13,304
3181,2016-04-14,302
3182,2016-04-15,347
3183,2016-04-16,478
3184,2016-04-17,266
3185,2016-04-18,271
3186,2016-04-19,322
3187,2016-04-20,330
3188,2016-04-21,329
3189,2016-04-22,345
3190,2016-04-23,451
3191,2016-04-24,254
3192,2016-04-25,263
3193,2016-04-26,272
3194,2016-04-27,295
3195,2016-04-28,299
3196,2016-04-29,355
3197,2016-04-30,531
3198,2016-05-01,309
3199,2016-05-02,307
3200,2016-05-03,293
3201,2016-05-04,331
3202,2016-05-05,336
3203,2016-05-06,388
3204,2016-05-07,488
3205,2016-05-08,296
3206,2016-05-09,302
3207,2016-05-10,259
3208,2016-05-11,305
3209,2016-05-12,350
3210,2016-05-13,335
3211,2016-05-14,510
3212,2016-05-15,278
3213,2016-05-16,296
3214,2016-05-17,306
3215,2016-05-18,284
3216,2016-05-19,329
3217,2016-05-20,373
3218,2016-05-21,477
3219,2016-05-22,314
3220,2016-05-23,284
3221,2016-05-24,314
3222,2016-05-25,277
3223,2016-05-26,314
3224,2016-05-27,405
3225,2016-05-28,545
3226,2016-05-29,331
3227,2016-05-30,330
3228,2016-05-31,360
3229,2016-06-01,361
3230,2016-06-02,386
3231,2016-06-03,417
3232,2016-06-04,483
3233,2016-06-05,270
3234,2016-06-06,313
3235,2016-06-07,323
3236,2016-06-08,292
3237,2016-06-09,340
3238,2016-06-10,335
3239,2016-06-11,449
3240,2016-06-12,264
3241,2016-06-13,263
3242,2016-06-14,303
3243,2016-06-15,293
3244,2016-06-16,322
3245,2016-06-17,347
3246,2016-06-18,518
3247,2016-06-19,261
3248,2016-06-20,282
3249,2016-06-21,328
3250,2016-06-22,320
3251,2016-06-23,356
3252,2016-06-24,364
3253,2016-06-25,478
3254,2016-06-26,301
3255,2016-06-27,303
3256,2016-06-28,300
3257,2016-06-29,294
3258,2016-06-30,338
3259,2016-07-01,730
3260,2016-07-02,986
3261,2016-07-03,600
3262,2016-07-04,321
3263,2016-07-05,359
3264,2016-07-06,310
3265,2016-07-07,332
3266,2016-07-08,331
3267,2016-07-09,449
3268,2016-07-10,289
3269,2016-07-11,302
3270,2016-07-12,330
3271,2016-07-13,341
3272,2016-07-14,351
3273,2016-07-15,345
3274,2016-07-16,490
3275,2016-07-17,294
3276,2016-07-18,329
3277,2016-07-19,318
3278,2016-07-20,338
3279,2016-07-21,362
3280,2016-07-22,388
3281,2016-07-23,476
3282,2016-07-24,299
3283,2016-07-25,346
3284,2016-07-26,383
3285,2016-07-27,413
3286,2016-07-28,360
3287,2016-07-29,503
3288,2016-07-30,613
3289,2016-07-31,377
3290,2016-08-01,384
3291,2016-08-02,407
3292,2016-08-03,386
3293,2016-08-04,432
3294,2016-08-05,474
3295,2016-08-06,593
3296,2016-08-07,423
3297,2016-08-08,383
3298,2016-08-09,370
3299,2016-08-10,389
3300,2016-08-11,391
3301,2016-08-12,446
3302,2016-08-13,523
3303,2016-08-14,326
3304,2016-08-15,392
3305,2016-08-16,417
3306,2016-08-17,401
3307,2016-08-18,423
3308,2016-08-19,395
3309,2016-08-20,514
3310,2016-08-21,338
3311,2016-08-22,390
3312,2016-08-23,424
3313,2016-08-24,417
3314,2016-08-25,397
3315,2016-08-26,498
3316,2016-08-27,540
3317,2016-08-28,389
3318,2016-08-29,407
3319,2016-08-30,425
3320,2016-08-31,427
3321,2016-09-01,438
3322,2016-09-02,470
3323,2016-09-03,497
3324,2016-09-04,339
3325,2016-09-05,405
3326,2016-09-06,397
3327,2016-09-07,374
3328,2016-09-08,389
3329,2016-09-09,417
3330,2016-09-10,594
3331,2016-09-11,371
3332,2016-09-12,354
3333,2016-09-13,363
3334,2016-09-14,376
3335,2016-09-15,409
3336,2016-09-16,444
3337,2016-09-17,609
3338,2016-09-18,404
3339,2016-09-19,379
3340,2016-09-20,409
3341,2016-09-21,417
3342,2016-09-22,435
3343,2016-09-23,510
3344,2016-09-24,676
3345,2016-09-25,395
3346,2016-09-26,332
3347,2016-09-27,513
3348,2016-09-28,463
3349,2016-09-29,411
3350,2016-09-30,512
3351,2016-10-01,672
3352,2016-10-02,388
3353,2016-10-03,361
3354,2016-10-04,383
3355,2016-10-05,384
3356,2016-10-06,459
3357,2016-10-07,536
3358,2016-10-08,668
3359,2016-10-09,382
3360,2016-10-10,342
3361,2016-10-11,341
3362,2016-10-12,383
3363,2016-10-13,352
3364,2016-10-14,486
3365,2016-10-15,664
3366,2016-10-16,352
3367,2016-10-17,353
3368,2016-10-18,357
3369,2016-10-19,386
3370,2016-10-20,458
3371,2016-10-21,528
3372,2016-10-22,671
3373,2016-10-23,442
3374,2016-10-24,462
3375,2016-10-25,485
3376,2016-10-26,487
3377,2016-10-27,528
3378,2016-10-28,590
3379,2016-10-29,674
3380,2016-10-30,450
3381,2016-10-31,424
3382,2016-11-01,401
3383,2016-11-02,414
3384,2016-11-03,403
3385,2016-11-04,476
3386,2016-11-05,650
3387,2016-11-06,341
3388,2016-11-07,369
3389,2016-11-08,372
3390,2016-11-09,295
3391,2016-11-10,448
3392,2016-11-11,497
3393,2016-11-12,683
3394,2016-11-13,425
3395,2016-11-14,371
3396,2016-11-15,385
3397,2016-11-16,394
3398,2016-11-17,333
3399,2016-11-18,420
3400,2016-11-19,647
3401,2016-11-20,403
3402,2016-11-21,298
3403,2016-11-22,365
3404,2016-11-23,447
3405,2016-11-24,482
3406,2016-11-25,815
3407,2016-11-26,831
3408,2016-11-27,549
3409,2016-11-28,457
3410,2016-11-29,407
3411,2016-11-30,463
3412,2016-12-01,497
3413,2016-12-02,582
3414,2016-12-03,744
3415,2016-12-04,499
3416,2016-12-05,387
3417,2016-12-06,356
3418,2016-12-07,488
3419,2016-12-08,506
3420,2016-12-09,593
3421,2016-12-10,773
3422,2016-12-11,488
3423,2016-12-12,436
3424,2016-12-13,436
3425,2016-12-14,457
3426,2016-12-15,546
3427,2016-12-16,659
3428,2016-12-17,788
3429,2016-12-18,563
3430,2016-12-19,615
3431,2016-12-20,619
3432,2016-12-21,624
3433,2016-12-22,656
3434,2016-12-23,644
3435,2016-12-24,443
3436,2016-12-25,20
3437,2016-12-26,586
3438,2016-12-27,605
3439,2016-12-28,616
3440,2016-12-29,583
3441,2016-12-30,585
3442,2016-12-31,466
3443,2017-01-01,139
3444,2017-01-02,378
3445,2017-01-03,360
3446,2017-01-04,351
3447,2017-01-05,349
3448,2017-01-06,366
3449,2017-01-07,518
3450,2017-01-08,285
3451,2017-01-09,290
3452,2017-01-10,322
3453,2017-01-11,295
3454,2017-01-12,294
3455,2017-01-13,341
3456,2017-01-14,508
3457,2017-01-15,259
3458,2017-01-16,223
3459,2017-01-17,320
3460,2017-01-18,337
3461,2017-01-19,353
3462,2017-01-20,420
3463,2017-01-21,545
3464,2017-01-22,339
3465,2017-01-23,301
3466,2017-01-24,325
3467,2017-01-25,337
3468,2017-01-26,318
3469,2017-01-27,384
3470,2017-01-28,566
3471,2017-01-29,347
3472,2017-01-30,317
3473,2017-01-31,296
3474,2017-02-01,336
3475,2017-02-02,347
3476,2017-02-03,415
3477,2017-02-04,590
3478,2017-02-05,334
3479,2017-02-06,285
3480,2017-02-07,314
3481,2017-02-08,316
3482,2017-02-09,338
3483,2017-02-10,386
3484,2017-02-11,461
3485,2017-02-12,250
3486,2017-02-13,384
3487,2017-02-14,425
3488,2017-02-15,345
3489,2017-02-16,380
3490,2017-02-17,440
3491,2017-02-18,602
3492,2017-02-19,346
3493,2017-02-20,355
3494,2017-02-21,351
3495,2017-02-22,370
3496,2017-02-23,311
3497,2017-02-24,482
3498,2017-02-25,572
3499,2017-02-26,323
3500,2017-03-01,948
3501,2017-03-02,702
3502,2017-03-03,379
3503,2017-03-04,613
3504,2017-03-05,302
3505,2017-03-06,314
3506,2017-03-07,335
3507,2017-03-08,336
3508,2017-03-09,354
3509,2017-03-10,432
3510,2017-03-11,608
3511,2017-03-12,333
3512,2017-03-13,299
3513,2017-03-14,346
3514,2017-03-15,372
3515,2017-03-16,348
3516,2017-03-17,402
3517,2017-03-18,605
3518,2017-03-19,328
3519,2017-03-20,293
3520,2017-03-21,307
3521,2017-03-22,304
3522,2017-03-23,391
3523,2017-03-24,477
3524,2017-03-25,654
3525,2017-03-26,332
3526,2017-03-27,578
3527,2017-03-28,634
3528,2017-03-29,316
3529,2017-03-30,363
3530,2017-03-31,477
3531,2017-04-03,368
3532,2017-04-04,361
3533,2017-04-05,367
3534,2017-04-06,384
3535,2017-04-07,431
3536,2017-04-08,519
3537,2017-04-09,333
3538,2017-04-10,374
3539,2017-04-11,376
3540,2017-04-12,392
3541,2017-04-13,460
3542,2017-04-14,470
3543,2017-04-15,532
3544,2017-04-16,171
3545,2017-04-17,353
3546,2017-04-18,380
3547,2017-04-19,370
3548,2017-04-20,393
3549,2017-04-21,410
3550,2017-04-22,560
3551,2017-04-23,335
3552,2017-04-24,307
3553,2017-04-25,306
3554,2017-04-26,338
3555,2017-04-27,364
3556,2017-04-28,471
3557,2017-04-29,668
3558,2017-04-30,429
3559,2017-05-01,391
3560,2017-05-02,337
3561,2017-05-03,350
3562,2017-05-04,363
3563,2017-05-05,414
3564,2017-05-06,569
3565,2017-05-07,298
3566,2017-05-08,304
3567,2017-05-09,323
3568,2017-05-10,354
3569,2017-05-11,388
3570,2017-05-12,365
3571,2017-05-13,560
3572,2017-05-14,341
3573,2017-05-15,290
3574,2017-05-16,331
3575,2017-05-17,311
3576,2017-05-18,381
3577,2017-05-19,388
3578,2017-05-20,571
3579,2017-05-21,348
3580,2017-05-22,344
3581,2017-05-23,369
3582,2017-05-24,383
3583,2017-05-25,419
3584,2017-05-26,473
3585,2017-05-27,572
3586,2017-05-28,452
3587,2017-05-29,352
3588,2017-05-30,390
3589,2017-05-31,451
3590,2017-06-01,483
3591,2017-06-02,460
3592,2017-06-03,589
3593,2017-06-04,319
3594,2017-06-05,275
3595,2017-06-06,285
3596,2017-06-07,345
3597,2017-06-08,347
3598,2017-06-09,417
3599,2017-06-10,528
3600,2017-06-11,319
3601,2017-06-12,310
3602,2017-06-13,345
3603,2017-06-14,372
3604,2017-06-15,390
3605,2017-06-16,442
3606,2017-06-17,606
3607,2017-06-18,306
3608,2017-06-19,344
3609,2017-06-20,370
3610,2017-06-21,382
3611,2017-06-22,393
3612,2017-06-23,410
3613,2017-06-24,599
3614,2017-06-25,359
3615,2017-06-26,367
3616,2017-06-27,321
3617,2017-06-28,319
3618,2017-06-29,377
3619,2017-06-30,439
3620,2017-07-01,616
3621,2017-07-02,370
3622,2017-07-03,360
3623,2017-07-04,345
3624,2017-07-05,385
3625,2017-07-06,400
3626,2017-07-07,447
3627,2017-07-08,578
3628,2017-07-09,357
3629,2017-07-10,314
3630,2017-07-11,303
3631,2017-07-12,398
3632,2017-07-13,385
3633,2017-07-14,426
3634,2017-07-15,576
3635,2017-07-16,351
3636,2017-07-17,364
3637,2017-07-18,378
3638,2017-07-19,351
3639,2017-07-20,362
3640,2017-07-21,407
3641,2017-07-22,545
3642,2017-07-23,357
3643,2017-07-24,370
3644,2017-07-25,400
3645,2017-07-26,374
3646,2017-07-27,403
3647,2017-07-28,468
3648,2017-07-29,586
3649,2017-07-30,356
3650,2017-08-01,393
3651,2017-08-02,386
3652,2017-08-03,414
3653,2017-08-04,455
3654,2017-08-05,576
3655,2017-08-06,450
3656,2017-08-07,362
3657,2017-08-08,317
3658,2017-08-09,381
3659,2017-08-10,419
3660,2017-08-11,413
3661,2017-08-12,537
3662,2017-08-13,326
3663,2017-08-14,349
3664,2017-08-15,402
3665,2017-08-16,393
3666,2017-08-17,406
3667,2017-08-18,446
3668,2017-08-19,522
3669,2017-08-20,349
3670,2017-08-21,360
3671,2017-08-22,390
3672,2017-08-23,383
3673,2017-08-24,410
3674,2017-08-25,498
3675,2017-08-26,559
3676,2017-08-27,351
3677,2017-08-28,361
3678,2017-08-29,384
3679,2017-08-30,400
3680,2017-08-31,420
3681,2018-03-01,174
3682,2018-04-02,281
3683,2018-04-03,361
3684,2018-04-04,326
3685,2018-04-05,386
3686,2018-04-06,415
3687,2018-04-07,474
3688,2018-04-08,302
3689,2018-04-09,335
3690,2018-04-10,314
3691,2018-04-11,323
3692,2018-04-12,316
3693,2018-04-13,408
3694,2018-04-14,532
3695,2018-04-15,297
3696,2018-04-16,318
3697,2018-04-17,301
3698,2018-04-18,369
3699,2018-04-19,397
3700,2018-04-20,438
3701,2018-04-21,554
3702,2018-04-22,334
3703,2018-04-23,302
3704,2018-04-24,287
3705,2018-04-25,340
3706,2018-04-26,332
3707,2018-04-27,368
3708,2018-04-28,597
3709,2018-04-29,327
3710,2018-05-01,323
3711,2018-05-02,316
3712,2018-05-03,361
3713,2018-05-04,418
3714,2018-05-05,608
3715,2018-05-06,432
3716,2018-05-07,358
3717,2018-05-08,318
3718,2018-05-09,323
3719,2018-05-10,334
3720,2018-05-11,374
3721,2018-05-12,526
3722,2018-05-13,316
3723,2018-05-14,328
3724,2018-05-15,340
3725,2018-05-16,311
3726,2018-05-17,330
3727,2018-05-18,411
3728,2018-05-19,514
3729,2018-05-20,333
3730,2018-05-21,328
3731,2018-05-22,322
3732,2018-05-23,312
3733,2018-05-24,352
3734,2018-05-25,353
3735,2018-05-26,555
3736,2018-05-27,419
3737,2018-05-28,375
3738,2018-05-29,379
3739,2018-05-30,703
3740,2018-05-31,427
3741,2018-06-01,495
3742,2018-06-02,536
3743,2018-06-03,327
3744,2018-06-04,312
3745,2018-06-05,319
3746,2018-06-06,327
3747,2018-06-07,367
3748,2018-06-08,366
3749,2018-06-09,531
3750,2018-06-10,318
3751,2018-06-11,318
3752,2018-06-12,321
3753,2018-06-13,350
3754,2018-06-14,364
3755,2018-06-15,403
3756,2018-06-16,532
3757,2018-06-17,289
3758,2018-06-18,319
3759,2018-06-19,346
3760,2018-06-20,343
3761,2018-06-21,362
3762,2018-06-22,424
3763,2018-06-23,566
3764,2018-06-24,331
3765,2018-06-25,332
3766,2018-06-26,353
3767,2018-06-27,362
3768,2018-06-28,383
3769,2018-06-29,411
3770,2018-06-30,539
3771,2018-07-01,325
3772,2018-07-02,343
3773,2018-07-03,359
3774,2018-07-04,368
3775,2018-07-05,383
3776,2018-07-06,423
3777,2018-07-07,501
3778,2018-07-08,353
3779,2018-07-09,340
3780,2018-07-10,343
3781,2018-07-11,370
3782,2018-07-12,373
3783,2018-07-13,384
3784,2018-07-14,507
3785,2018-07-15,309
3786,2018-07-16,348
3787,2018-07-17,387
3788,2018-07-18,367
3789,2018-07-19,391
3790,2018-07-20,405
3791,2018-07-21,547
3792,2018-07-22,328
3793,2018-07-23,358
3794,2018-07-24,370
3795,2018-07-25,410
3796,2018-07-26,401
3797,2018-07-27,435
3798,2018-07-28,527
3799,2018-07-29,306
3800,2018-07-30,362
3801,2018-07-31,391
3802,2018-08-01,394
3803,2018-08-02,410
3804,2018-08-03,425
3805,2018-08-04,549
3806,2018-08-05,498
3807,2018-08-06,391
3808,2018-08-07,364
3809,2018-08-08,368
3810,2018-08-09,367
3811,2018-08-10,387
3812,2018-08-11,508
3813,2018-08-12,316
3814,2018-08-13,333
3815,2018-08-14,352
3816,2018-08-15,370
3817,2018-08-16,395
3818,2018-08-17,412
3819,2018-08-18,504
3820,2018-08-19,306
3821,2018-08-20,358
3822,2018-08-21,382
3823,2018-08-22,363
3824,2018-08-23,374
3825,2018-08-24,399
3826,2018-08-25,487
3827,2018-08-26,291
3828,2018-08-27,345
3829,2018-08-28,384
3830,2018-08-29,380
3831,2018-08-30,402
3832,2018-08-31,441
3833,2018-09-01,523
3834,2018-09-02,308
3835,2018-09-03,334
3836,2018-09-04,334
3837,2018-09-05,321
3838,2018-09-06,319
3839,2018-09-07,378
3840,2018-09-08,470
3841,2018-09-09,307
3842,2018-09-10,307
3843,2018-09-11,330
3844,2018-09-12,336
3845,2018-09-13,339
3846,2018-09-14,387
3847,2018-09-15,516
3848,2018-09-16,327
3849,2018-09-17,343
3850,2018-09-18,349
3851,2018-09-19,329
3852,2018-09-20,359
3853,2018-09-21,374
3854,2018-09-22,558
3855,2018-09-23,338
3856,2018-09-24,335
3857,2018-09-25,450
3858,2018-09-26,358
3859,2018-09-27,391
3860,2018-09-28,437
3861,2018-09-29,600
3862,2018-09-30,366
3863,2018-11-01,773
3864,2018-11-02,888
3865,2018-11-03,1093
3866,2018-11-04,675
3867,2018-11-05,611
3868,2018-11-06,654
3869,2018-11-07,589
3870,2018-11-08,801
3871,2018-11-09,756
3872,2018-11-10,1147
3873,2018-11-11,648
3874,2018-11-12,622
3875,2018-11-13,649
3876,2018-11-14,698
3877,2018-11-15,752
3878,2018-11-16,887
3879,2018-11-17,1316
3880,2018-11-18,691
3881,2018-11-19,598
3882,2018-11-20,538
3883,2018-11-21,674
3884,2018-11-22,723
3885,2018-11-23,1282
3886,2018-11-24,1331
3887,2018-11-25,766
3888,2018-11-26,722
3889,2018-11-27,623
3890,2018-11-28,717
3891,2018-11-29,742
3892,2018-11-30,1016
3893,2018-12-01,1261
3894,2018-12-02,828
3895,2018-12-03,755
3896,2018-12-04,733
3897,2018-12-05,744
3898,2018-12-06,868
3899,2018-12-07,942
3900,2018-12-08,1242
3901,2018-12-09,924
3902,2018-12-10,821
3903,2018-12-11,784
3904,2018-12-12,801
3905,2018-12-13,433
3906,2018-12-14,526
3907,2018-12-15,527
3908,2018-12-16,458
3909,2018-12-17,435
3910,2018-12-18,380
3911,2018-12-19,469
3912,2018-12-20,486
3913,2018-12-21,608
3914,2018-12-22,643
3915,2018-12-23,435
3916,2018-12-24,444
3917,2018-12-25,26
3918,2018-12-26,560
3919,2018-12-27,577
3920,2018-12-28,577
3921,2018-12-29,542
3922,2018-12-30,392
3923,2018-12-31,424
3924,2019-01-01,188
3925,2019-01-02,393
3926,2019-01-03,390
3927,2019-01-04,399
3928,2019-01-05,433
3929,2019-01-06,310
3930,2019-01-07,286
3931,2019-01-08,305
3932,2019-01-09,294
3933,2019-01-10,301
3934,2019-01-11,350
3935,2019-01-12,437
3936,2019-01-13,266
3937,2019-01-14,289
3938,2019-01-15,285
3939,2019-01-16,214
3940,2019-01-17,290
3941,2019-01-18,309
3942,2019-01-19,405
3943,2019-01-20,271
3944,2019-01-21,266
3945,2019-01-22,271
3946,2019-01-23,273
3947,2019-01-24,321
3948,2019-01-25,388
3949,2019-01-26,526
3950,2019-01-27,283
3951,2019-01-28,291
3952,2019-01-29,265
3953,2019-01-30,301
3954,2019-01-31,274
3955,2019-02-01,336
3956,2019-02-02,475
3957,2019-02-03,304
3958,2019-02-04,282
3959,2019-02-05,250
3960,2019-02-06,266
3961,2019-02-07,298
3962,2019-02-08,341
3963,2019-02-09,470
3964,2019-02-10,278
3965,2019-02-11,297
3966,2019-02-12,310
3967,2019-02-13,356
3968,2019-02-14,375
3969,2019-02-15,390
3970,2019-02-16,533
3971,2019-02-17,301
3972,2019-02-18,336
3973,2019-02-19,343
3974,2019-02-20,358
3975,2019-02-21,413
3976,2019-02-22,444
3977,2019-02-23,522
3978,2019-02-24,324
3979,2019-02-25,292
3980,2019-02-26,331
3981,2019-02-27,349
3982,2019-02-28,337
3983,2019-03-01,393
3984,2019-03-02,521
3985,2019-03-03,234
3986,2019-03-04,254
3987,2019-03-05,287
3988,2019-03-06,291
3989,2019-03-07,342
3990,2019-03-08,360
3991,2019-03-09,467
3992,2019-03-10,224
3993,2019-03-11,261
3994,2019-03-12,243
3995,2019-03-13,260
3996,2019-03-14,291
3997,2019-03-15,352
3998,2019-03-16,401
3999,2019-03-17,295
4000,2019-03-18,275
4001,2019-03-19,293
4002,2019-03-20,322
4003,2019-03-21,321
4004,2019-03-22,356
4005,2019-03-23,544
4006,2019-03-24,292
4007,2019-03-25,291
4008,2019-03-26,285
4009,2019-03-27,325
4010,2019-03-28,347
4011,2019-03-29,435
4012,2019-03-30,574
4013,2019-03-31,283
4014,2019-04-01,300
4015,2019-04-02,295
4016,2019-04-03,294
4017,2019-04-04,309
4018,2019-04-05,368
4019,2019-04-06,511
4020,2019-04-07,296
4021,2019-04-08,301
4022,2019-04-09,332
4023,2019-04-10,365
4024,2019-04-11,361
4025,2019-04-12,380
4026,2019-04-13,493
4027,2019-04-14,258
4028,2019-04-15,341
4029,2019-04-16,337
4030,2019-04-17,363
4031,2019-04-18,436
4032,2019-04-19,471
4033,2019-04-20,497
4034,2019-04-21,229
4035,2019-04-22,303
4036,2019-04-23,328
4037,2019-04-24,319
4038,2019-04-25,329
4039,2019-04-26,366
4040,2019-04-27,452
4041,2019-04-28,329
4042,2019-04-29,309
4043,2019-04-30,340
4044,2019-05-01,323
4045,2019-05-02,302
4046,2019-05-03,351
4047,2019-05-04,525
4048,2019-05-05,353
4049,2019-05-06,285
4050,2019-05-07,279
4051,2019-05-08,215
4052,2019-05-09,332
4053,2019-05-10,340
4054,2019-05-11,462
4055,2019-05-12,320
4056,2019-05-13,327
4057,2019-05-14,334
4058,2019-05-15,351
4059,2019-05-16,349
4060,2019-05-17,367
4061,2019-05-18,495
4062,2019-05-19,298
4063,2019-05-20,306
4064,2019-05-21,327
4065,2019-05-22,317
4066,2019-05-23,352
4067,2019-05-24,422
4068,2019-05-25,499
4069,2019-05-26,342
4070,2019-05-27,327
4071,2019-05-28,362
4072,2019-05-29,354
4073,2019-05-30,362
4074,2019-05-31,447
4075,2019-06-01,502
4076,2019-06-02,306
4077,2019-06-03,351
4078,2019-06-04,322
4079,2019-06-05,325
4080,2019-06-06,340
4081,2019-06-07,362
4082,2019-06-08,482
4083,2019-06-09,316
4084,2019-06-10,293
4085,2019-06-11,275
4086,2019-06-12,309
4087,2019-06-13,316
4088,2019-06-14,386
4089,2019-06-15,543
4090,2019-06-16,299
4091,2019-06-17,308
4092,2019-06-18,365
4093,2019-06-19,341
4094,2019-06-20,384
4095,2019-06-21,414
4096,2019-06-22,553
4097,2019-06-23,358
4098,2019-06-24,307
4099,2019-06-25,295
4100,2019-06-26,339
4101,2019-06-27,382
4102,2019-06-28,433
4103,2019-06-29,499
4104,2019-06-30,339
4105,2019-07-01,328
4106,2019-07-02,354
4107,2019-07-03,350
4108,2019-07-04,371
4109,2019-07-05,413
4110,2019-07-06,503
4111,2019-07-07,335
4112,2019-07-08,330
4113,2019-07-09,313
4114,2019-07-10,350
4115,2019-07-11,354
4116,2019-07-12,390
4117,2019-07-13,517
4118,2019-07-14,310
4119,2019-07-15,351
4120,2019-07-16,361
4121,2019-07-17,351
4122,2019-07-18,380
4123,2019-07-19,355
4124,2019-07-20,519
4125,2019-07-21,341
4126,2019-07-22,381
4127,2019-07-23,362
4128,2019-07-24,375
4129,2019-07-25,378
4130,2019-07-26,426
4131,2019-07-27,440
4132,2019-07-28,357
4133,2019-07-29,369
4134,2019-07-30,337
4135,2019-07-31,380
4136,2019-08-01,413
4137,2019-08-02,435
4138,2019-08-03,535
4139,2019-08-04,532
4140,2019-08-05,382
4141,2019-08-06,354
4142,2019-08-07,386
4143,2019-08-08,391
4144,2019-08-09,388
4145,2019-08-10,441
4146,2019-08-11,309
4147,2019-08-12,334
4148,2019-08-13,355
4149,2019-08-14,319
4150,2019-08-15,374
4151,2019-08-16,414
4152,2019-08-17,523
4153,2019-08-18,323
4154,2019-08-19,340
4155,2019-08-20,372
4156,2019-08-21,384
4157,2019-08-22,365
4158,2019-08-23,438
4159,2019-08-24,439
4160,2019-08-25,328
4161,2019-08-26,303
4162,2019-08-27,373
4163,2019-08-28,355
4164,2019-08-29,385
4165,2019-08-30,432
4166,2019-08-31,517
5000,2019-09-07,400
5000,2019-09-08,450
5000,2019-09-09,500
5000,2019-09-10,600
5000,2019-09-11,500
5000,2019-09-12,600
5000,2019-09-14,600
5000,2019-09-15,500
5000,2019-09-15,500
5000,2019-09-15,500
